[
{
  "model": "travels.theme",
  "pk": 1,
  "fields": {
    "name": "100\ub144 \uc804 \uc11c\uc6b8",
    "content": "\uc11c\uc6b8 \uc885\ub85c\ub97c \uc911\uc2ec\uc73c\ub85c \uad6c\ud55c\ub9d0\uacfc \ub3c5\ub9bd\uc6b4\ub3d9\uc758 \uc5ed\uc0ac\ub97c \uc0b4\ud3b4\ubd05\ub2c8\ub2e4.",
    "region": "\uc11c\uc6b8\ud2b9\ubcc4\uc2dc",
    "image": "theme/100\ub144_\uc804_\uc11c\uc6b8.jpg",
    "created_at": "2020-06-03T22:59:33.941",
    "updated_at": "2020-06-09T00:40:22.946",
    "dests": "1,2,3,4,5,6,7",
    "visitors": []
  }
},
{
  "model": "travels.theme",
  "pk": 2,
  "fields": {
    "name": "\ub300\uc804 \ub9db\uc9d1",
    "content": "\ub300\uc804\uc758 \ub9db\uc9d1\uc744 \uc911\uc2ec\uc73c\ub85c \ub5a0\ub098\ub294 \uc5ec\ud589",
    "region": "\ub300\uc804\uad11\uc5ed\uc2dc",
    "image": "theme/\ub300\uc804_\ub9db\uc9d1.jpg",
    "created_at": "2020-06-04T07:08:23.933",
    "updated_at": "2020-06-09T00:40:07.678",
    "dests": "8,9,16,17,18,19",
    "visitors": []
  }
},
{
  "model": "travels.theme",
  "pk": 3,
  "fields": {
    "name": "\uc6d0\uc8fc, \uccab \ubc88\uc9f8 \uc774\uc57c\uae30",
    "content": "\uc18c\uae08\uc0b0 \ucd9c\ub801\ub2e4\ub9ac\uc5d0\uc11c \uc544\ucc14! \ubba4\uc9c0\uc5c4\uc0b0\uc5d0\uc11c \uc790\uc5f0\uacfc \uac74\ucd95\uc758 \uc870\ud654\ub97c \ub290\uaef4\ubcf4\uc544\uc694~",
    "region": "\uac15\uc6d0\ub3c4 \uc6d0\uc8fc\uc2dc",
    "image": "theme/\uc6d0\uc8fc_\uccab_\ubc88\uc9f8_\uc774\uc57c\uae30.jpg",
    "created_at": "2020-06-04T07:09:14.063",
    "updated_at": "2020-06-09T00:38:21.028",
    "dests": "10,11",
    "visitors": []
  }
},
{
  "model": "travels.theme",
  "pk": 4,
  "fields": {
    "name": "\ucd98\ucc9c, \uccab \ubc88\uc9f8 \uc774\uc57c\uae30",
    "content": "\uc790\uc5f0 \uc18d\uc744 \uac70\ub2d0\uba70 \ud790\ub9c1\ud558\uace0, \ucee4\ud53c \ud55c \uc794\uacfc \ud568\uaed8 \uc5ec\uc720\ub97c \ub290\ub07c\uba70 \ucda9\uc804\ud558\ub294 \uc2dc\uac04\uc744 \uac00\uc838\ubcf4\ub294 \uac74 \uc5b4\ub5a8\uae4c\uc694?",
    "region": "\uac15\uc6d0\ub3c4 \ucd98\ucc9c\uc2dc",
    "image": "theme/\ucd98\ucc9c_\uccab_\ubc88\uc9f8_\uc774\uc57c\uae30.jpg",
    "created_at": "2020-06-08T11:14:48.411",
    "updated_at": "2020-06-08T14:09:31.022",
    "dests": "12,13,14,15",
    "visitors": []
  }
},
{
  "model": "travels.destination",
  "pk": 1,
  "fields": {
    "name": "\ub355\uc218\uad81 \ub3cc\ub2f4\uae38",
    "image": "destination/\ub355\uc218\uad81_\ub3cc\ub2f4\uae38.jpg",
    "latitude": "37.56432352687426",
    "longitude": "126.9764854455257",
    "created_at": "2020-06-03T23:00:30.089",
    "updated_at": "2020-06-08T01:29:16.492",
    "themes": [
      1
    ]
  }
},
{
  "model": "travels.destination",
  "pk": 2,
  "fields": {
    "name": "\uad6c \ub7ec\uc2dc\uc544 \uacf5\uc0ac\uad00",
    "image": "destination/\uad6c_\ub7ec\uc2dc\uc544_\uacf5\uc0ac\uad00.jpg",
    "latitude": "37.56814718063462",
    "longitude": "126.97159998426685",
    "created_at": "2020-06-04T07:09:42.875",
    "updated_at": "2020-06-07T23:04:14.599",
    "themes": [
      1
    ]
  }
},
{
  "model": "travels.destination",
  "pk": 3,
  "fields": {
    "name": "\uc774\ud654\uc5ec\uace0",
    "image": "destination/\uc774\ud654\uc5ec\uace0.jpg",
    "latitude": "37.56549816531884",
    "longitude": "126.97123878657418",
    "created_at": "2020-06-04T07:10:06.803",
    "updated_at": "2020-06-07T23:05:13.488",
    "themes": [
      1
    ]
  }
},
{
  "model": "travels.destination",
  "pk": 4,
  "fields": {
    "name": "\uc815\ub3d9\uad50\ud68c",
    "image": "destination/\uc815\ub3d9\uad50\ud68c.jpg",
    "latitude": "37.565394910527196",
    "longitude": "126.97275555086944",
    "created_at": "2020-06-04T07:11:32.595",
    "updated_at": "2020-06-07T23:05:57.481",
    "themes": [
      1
    ]
  }
},
{
  "model": "travels.destination",
  "pk": 5,
  "fields": {
    "name": "\ud0d1\uace8\uacf5\uc6d0",
    "image": "destination/\ud0d1\uace8\uacf5\uc6d0.jpg",
    "latitude": "37.57047009155319",
    "longitude": "126.98841438059534",
    "created_at": "2020-06-04T07:12:24.145",
    "updated_at": "2020-06-07T23:06:31.295",
    "themes": [
      1
    ]
  }
},
{
  "model": "travels.destination",
  "pk": 6,
  "fields": {
    "name": "\ud0d1\uace8\uacf5\uc6d0 \ud314\uac01\uc815",
    "image": "destination/\ud0d1\uace8\uacf5\uc6d0_\ud314\uac01\uc815.jpg",
    "latitude": "37.57128548166645",
    "longitude": "126.98830671683622",
    "created_at": "2020-06-04T07:12:55.490",
    "updated_at": "2020-06-07T23:16:35.558",
    "themes": [
      1
    ]
  }
},
{
  "model": "travels.destination",
  "pk": 7,
  "fields": {
    "name": "\uc11c\ub300\ubb38 \ud615\ubb34\uc18c",
    "image": "destination/\uc11c\ub300\ubb38_\ud615\ubb34\uc18c.jpg",
    "latitude": "37.5747965196091",
    "longitude": "126.95673961423739",
    "created_at": "2020-06-04T07:17:25.117",
    "updated_at": "2020-06-07T23:18:24.464",
    "themes": [
      1
    ]
  }
},
{
  "model": "travels.destination",
  "pk": 8,
  "fields": {
    "name": "\uc77c\ub2f9\uac10\uc790\ud0d5",
    "image": "destination/\uc77c\ub2f9\uac10\uc790\ud0d5.jpg",
    "latitude": "-",
    "longitude": "-",
    "created_at": "2020-06-04T10:36:06.103",
    "updated_at": "2020-06-09T00:44:08.300",
    "themes": [
      2
    ]
  }
},
{
  "model": "travels.destination",
  "pk": 9,
  "fields": {
    "name": "\uc787\ub9c8\uc774\ud0c0\uc774",
    "image": "destination/\uc787\ub9c8\uc774\ud0c0\uc774.jpg",
    "latitude": "-",
    "longitude": "-",
    "created_at": "2020-06-04T10:37:03.604",
    "updated_at": "2020-06-09T00:43:52.179",
    "themes": [
      2
    ]
  }
},
{
  "model": "travels.destination",
  "pk": 10,
  "fields": {
    "name": "\uc18c\uae08\uc0b0 \ucd9c\ub801\ub2e4\ub9ac",
    "image": "destination/\uc18c\uae08\uc0b0_\ucd9c\ub801\ub2e4\ub9ac.jpg",
    "latitude": "37.368719791364725",
    "longitude": "127.82470436524791",
    "created_at": "2020-06-08T13:39:27.975",
    "updated_at": "2020-06-08T13:55:27.913",
    "themes": [
      3
    ]
  }
},
{
  "model": "travels.destination",
  "pk": 11,
  "fields": {
    "name": "\ubba4\uc9c0\uc5c4\uc0b0",
    "image": "destination/\ubba4\uc9c0\uc5c4\uc0b0.jpg",
    "latitude": "37.415290356903434",
    "longitude": "127.82370109312984",
    "created_at": "2020-06-08T13:39:37.819",
    "updated_at": "2020-06-08T13:59:11.885",
    "themes": [
      3
    ]
  }
},
{
  "model": "travels.destination",
  "pk": 12,
  "fields": {
    "name": "\ub0a8\uc774\uc12c",
    "image": "destination/\ub0a8\uc774\uc12c.jpg",
    "latitude": "37.7916749346022",
    "longitude": "127.52522315419039",
    "created_at": "2020-06-08T13:39:47.382",
    "updated_at": "2020-06-08T13:56:46.343",
    "themes": [
      4
    ]
  }
},
{
  "model": "travels.destination",
  "pk": 13,
  "fields": {
    "name": "\uc81c\uc774\ub4dc\uac00\ub4e0",
    "image": "destination/\uc81c\uc774\ub4dc\uac00\ub4e0.jpg",
    "latitude": "37.83118957334366",
    "longitude": "127.54331437031809",
    "created_at": "2020-06-08T13:40:20.186",
    "updated_at": "2020-06-08T13:59:29.174",
    "themes": [
      4
    ]
  }
},
{
  "model": "travels.destination",
  "pk": 14,
  "fields": {
    "name": "\uc18c\uc591\uac15 \uc2a4\uce74\uc774\uc6cc\ud06c",
    "image": "destination/\uc18c\uc591\uac15_\uc2a4\uce74\uc774\uc6cc\ud06c.jpg",
    "latitude": "37.894500962990364",
    "longitude": "127.72368038351799",
    "created_at": "2020-06-08T13:40:29.270",
    "updated_at": "2020-06-08T14:01:28.658",
    "themes": [
      4
    ]
  }
},
{
  "model": "travels.destination",
  "pk": 15,
  "fields": {
    "name": "\uad6c\ubd09\uc0b0 \uce74\ud398\uac70\ub9ac",
    "image": "destination/\uad6c\ubd09\uc0b0_\uce74\ud398\uac70\ub9ac.jpg",
    "latitude": "37.89257069825031",
    "longitude": "127.77703662070248",
    "created_at": "2020-06-08T13:41:11.422",
    "updated_at": "2020-06-08T14:01:44.857",
    "themes": [
      4
    ]
  }
},
{
  "model": "travels.destination",
  "pk": 16,
  "fields": {
    "name": "\ud0dc\ud3c9\uc18c\uad6d\ubc25",
    "image": "destination/\ud0dc\ud3c9\uc18c\uad6d\ubc25_Dn1VnsL.jpg",
    "latitude": "-",
    "longitude": "-",
    "created_at": "2020-06-08T19:33:05.047",
    "updated_at": "2020-06-08T20:08:13.172",
    "themes": [
      2
    ]
  }
},
{
  "model": "travels.destination",
  "pk": 17,
  "fields": {
    "name": "\uba85\ub791\uc2dd\ub2f9",
    "image": "destination/\uba85\ub791\uc2dd\ub2f9_UBYFA6U.jpg",
    "latitude": "-",
    "longitude": "-",
    "created_at": "2020-06-08T19:33:14.721",
    "updated_at": "2020-06-08T20:03:31.812",
    "themes": [
      2
    ]
  }
},
{
  "model": "travels.destination",
  "pk": 18,
  "fields": {
    "name": "\uac08\ub9c8\uc9ec\ubf55",
    "image": "destination/\uac08\ub9c8\uc9ec\ubf55.jpg",
    "latitude": "-",
    "longitude": "-",
    "created_at": "2020-06-08T19:34:25.059",
    "updated_at": "2020-06-08T20:06:53.594",
    "themes": [
      2
    ]
  }
},
{
  "model": "travels.destination",
  "pk": 19,
  "fields": {
    "name": "\uc628\ucc9c\uce7c\uad6d\uc218",
    "image": "destination/\uc628\ucc9c\uce7c\uad6d\uc218.jpg",
    "latitude": "-",
    "longitude": "-",
    "created_at": "2020-06-08T20:15:33.283",
    "updated_at": "2020-06-09T00:45:35.511",
    "themes": [
      2
    ]
  }
},
{
  "model": "travels.destinationvisitors",
  "pk": 6,
  "fields": {
    "user": 8,
    "destination": 16,
    "visited_at": "2020-06-08"
  }
},
{
  "model": "travels.destinationvisitors",
  "pk": 7,
  "fields": {
    "user": 5,
    "destination": 5,
    "visited_at": "2020-06-09"
  }
},
{
  "model": "travels.destinationvisitors",
  "pk": 9,
  "fields": {
    "user": 5,
    "destination": 6,
    "visited_at": null
  }
},
{
  "model": "travels.destinationvisitors",
  "pk": 13,
  "fields": {
    "user": 4,
    "destination": 8,
    "visited_at": null
  }
},
{
  "model": "travels.destinationvisitors",
  "pk": 29,
  "fields": {
    "user": 17,
    "destination": 7,
    "visited_at": null
  }
},
{
  "model": "travels.destinationvisitors",
  "pk": 30,
  "fields": {
    "user": 17,
    "destination": 1,
    "visited_at": null
  }
},
{
  "model": "travels.destinationvisitors",
  "pk": 31,
  "fields": {
    "user": 17,
    "destination": 3,
    "visited_at": null
  }
},
{
  "model": "travels.destinationvisitors",
  "pk": 32,
  "fields": {
    "user": 17,
    "destination": 5,
    "visited_at": null
  }
},
{
  "model": "travels.destinationvisitors",
  "pk": 33,
  "fields": {
    "user": 8,
    "destination": 19,
    "visited_at": "2020-06-08"
  }
},
{
  "model": "travels.destinationvisitors",
  "pk": 34,
  "fields": {
    "user": 10,
    "destination": 10,
    "visited_at": "2019-06-15"
  }
},
{
  "model": "travels.destinationvisitors",
  "pk": 35,
  "fields": {
    "user": 10,
    "destination": 11,
    "visited_at": "2019-06-15"
  }
},
{
  "model": "travels.message",
  "pk": 1,
  "fields": {
    "theme": 1,
    "nickname": "admin",
    "message": "\uc548\ub155~?",
    "created_at": "2020-06-06T23:25:59.315"
  }
},
{
  "model": "travels.message",
  "pk": 2,
  "fields": {
    "theme": 1,
    "nickname": "admin",
    "message": "\ub098\ub294",
    "created_at": "2020-06-06T23:26:00.824"
  }
},
{
  "model": "travels.message",
  "pk": 3,
  "fields": {
    "theme": 1,
    "nickname": "admin",
    "message": "\ucb48\ub178\ucb48\ub178\uc58c~~ ><",
    "created_at": "2020-06-06T23:26:04.434"
  }
},
{
  "model": "travels.message",
  "pk": 4,
  "fields": {
    "theme": 1,
    "nickname": "admin",
    "message": "\uc5ec\uae30 \uc5ec\ud589\uc9c0 \uc880 \uc88b\uc740\uac83\uac19\uc544",
    "created_at": "2020-06-06T23:26:15.500"
  }
},
{
  "model": "travels.message",
  "pk": 5,
  "fields": {
    "theme": 1,
    "nickname": "\uc6b0\uc2a4\uc6b4 \uae30\ub9b0 3",
    "message": "\uc640\uc6b0,,",
    "created_at": "2020-06-07T00:21:36.784"
  }
},
{
  "model": "travels.message",
  "pk": 6,
  "fields": {
    "theme": 1,
    "nickname": "\uc6b0\uc2a4\uc6b4 \uae30\ub9b0 3",
    "message": "\ubb54\uac00 \uae00\uc774",
    "created_at": "2020-06-07T00:21:39.176"
  }
},
{
  "model": "travels.message",
  "pk": 7,
  "fields": {
    "theme": 1,
    "nickname": "\uc6b0\uc2a4\uc6b4 \uae30\ub9b0 3",
    "message": "\ucc38 \uae30\ub124\uc694...",
    "created_at": "2020-06-07T00:21:41.040"
  }
},
{
  "model": "travels.message",
  "pk": 8,
  "fields": {
    "theme": 1,
    "nickname": "admin",
    "message": "\uae00\uc744 \ubb34\uc9c0\ubb34\uc9c0 \uae38\uac8c\uc4f0\uba74 \uc5b4\ub5bb\uac8c \ub098\uc624\ub0d0\uba74\uc5ec \uc774\uac70 \ub418\uac8c \uae38\uac8c \uc368\uac00\uc9c0\uad6c \ud655\uc778\ud574\ubcfc\uac70\uc5d0\uc5ec \uadf8\ub798\uc57c css\ub97c \uc785\ud790 \uc218 \uc788\uac70\ub4e0\uc5ec \ud788\ud788",
    "created_at": "2020-06-07T01:40:16.146"
  }
},
{
  "model": "travels.message",
  "pk": 9,
  "fields": {
    "theme": 1,
    "nickname": "admin",
    "message": "\ud558\ud558",
    "created_at": "2020-06-07T02:12:34.747"
  }
},
{
  "model": "travels.message",
  "pk": 10,
  "fields": {
    "theme": 1,
    "nickname": "admin",
    "message": "\ub0a0\uc9dc\ub97c \uc5b4\ub5bb\uac8c \ud558\uc9c0 \ud760..",
    "created_at": "2020-06-07T02:23:26.962"
  }
},
{
  "model": "travels.message",
  "pk": 11,
  "fields": {
    "theme": 1,
    "nickname": "admin",
    "message": "\ud760,,",
    "created_at": "2020-06-07T02:24:10.782"
  }
},
{
  "model": "travels.message",
  "pk": 12,
  "fields": {
    "theme": 1,
    "nickname": "\ubd80\uc9c0\ub7f0\ud55c \uc6d0\uc22d\uc774 2",
    "message": "\uc81c\uac00...\ubcf4\uc774\uc2dc\ub098\uc694?",
    "created_at": "2020-06-07T02:30:07.444"
  }
},
{
  "model": "travels.message",
  "pk": 13,
  "fields": {
    "theme": 1,
    "nickname": "admin",
    "message": "\ubd80\uc9c0\ub7f0\ud55c \uc6d0\uc22d\uc774\uc528,, hi,,",
    "created_at": "2020-06-07T02:31:12.262"
  }
},
{
  "model": "travels.message",
  "pk": 14,
  "fields": {
    "theme": 1,
    "nickname": "admin",
    "message": "\uc640\ud558\ud558",
    "created_at": "2020-06-07T02:37:48.964"
  }
},
{
  "model": "travels.message",
  "pk": 15,
  "fields": {
    "theme": 1,
    "nickname": "admin",
    "message": "dd",
    "created_at": "2020-06-07T03:17:05.847"
  }
},
{
  "model": "travels.message",
  "pk": 16,
  "fields": {
    "theme": 1,
    "nickname": "admin",
    "message": "\uc548\ub155\ud558\uc138\uc5ec",
    "created_at": "2020-06-07T03:17:10.671"
  }
},
{
  "model": "travels.message",
  "pk": 17,
  "fields": {
    "theme": 1,
    "nickname": "admin",
    "message": "\u3147\u3139\u3134\u3147",
    "created_at": "2020-06-07T03:19:31.512"
  }
},
{
  "model": "travels.message",
  "pk": 18,
  "fields": {
    "theme": 1,
    "nickname": "admin",
    "message": "\uc559\u3134\ub155",
    "created_at": "2020-06-07T03:20:24.974"
  }
},
{
  "model": "travels.message",
  "pk": 19,
  "fields": {
    "theme": 1,
    "nickname": "admin",
    "message": "\ud760..",
    "created_at": "2020-06-07T03:24:12.811"
  }
},
{
  "model": "travels.message",
  "pk": 20,
  "fields": {
    "theme": 1,
    "nickname": "admin",
    "message": "Wks",
    "created_at": "2020-06-07T03:25:56.386"
  }
},
{
  "model": "travels.message",
  "pk": 21,
  "fields": {
    "theme": 1,
    "nickname": "admin",
    "message": "\uc74c",
    "created_at": "2020-06-07T03:27:28.473"
  }
},
{
  "model": "travels.message",
  "pk": 22,
  "fields": {
    "theme": 1,
    "nickname": "admin",
    "message": "\ud760",
    "created_at": "2020-06-07T03:28:49.135"
  }
},
{
  "model": "travels.message",
  "pk": 23,
  "fields": {
    "theme": 1,
    "nickname": "admin",
    "message": "\uc544\uc544",
    "created_at": "2020-06-07T03:38:47.395"
  }
},
{
  "model": "travels.message",
  "pk": 24,
  "fields": {
    "theme": 1,
    "nickname": "admin",
    "message": "\ub4dc\ub514\uc5b4 \ub418\ub098",
    "created_at": "2020-06-07T03:40:01.805"
  }
},
{
  "model": "travels.message",
  "pk": 25,
  "fields": {
    "theme": 1,
    "nickname": "admin",
    "message": "\uc81c\ubc1c \ub418\ub77c \uc880",
    "created_at": "2020-06-07T03:43:18.634"
  }
},
{
  "model": "travels.message",
  "pk": 26,
  "fields": {
    "theme": 1,
    "nickname": "admin",
    "message": "\uc57c\ud638!",
    "created_at": "2020-06-07T03:43:23.619"
  }
},
{
  "model": "travels.message",
  "pk": 27,
  "fields": {
    "theme": 1,
    "nickname": "admin",
    "message": "\uae85 \ub4dc\ub514\uc5b4 \ub41c\ub354!!",
    "created_at": "2020-06-07T03:59:42.480"
  }
},
{
  "model": "travels.message",
  "pk": 28,
  "fields": {
    "theme": 3,
    "nickname": "admin",
    "message": "\uc5e5",
    "created_at": "2020-06-07T04:14:02.507"
  }
},
{
  "model": "travels.message",
  "pk": 29,
  "fields": {
    "theme": 1,
    "nickname": "\uc6b0\uc2a4\uc6b4 \uae30\ub9b0 3",
    "message": "\uc7a0\uae50\ub9cc ;",
    "created_at": "2020-06-07T04:15:02.936"
  }
},
{
  "model": "travels.message",
  "pk": 30,
  "fields": {
    "theme": 1,
    "nickname": "\uc6b0\uc2a4\uc6b4 \uae30\ub9b0 3",
    "message": "\uc774\uac70 \uc81c\ub300\ub85c \uc800\uc7a5\ub418\ub098..",
    "created_at": "2020-06-07T04:15:08.056"
  }
},
{
  "model": "travels.message",
  "pk": 31,
  "fields": {
    "theme": 1,
    "nickname": "\uc6b0\uc2a4\uc6b4 \uae30\ub9b0 3",
    "message": "\ud5d0",
    "created_at": "2020-06-07T04:15:15.801"
  }
},
{
  "model": "travels.message",
  "pk": 32,
  "fields": {
    "theme": 1,
    "nickname": "\uc6b0\uc2a4\uc6b4 \uae30\ub9b0 3",
    "message": "\uc544\uc544",
    "created_at": "2020-06-07T04:16:43.682"
  }
},
{
  "model": "travels.message",
  "pk": 33,
  "fields": {
    "theme": 1,
    "nickname": "\uc6b0\uc2a4\uc6b4 \uae30\ub9b0 3",
    "message": "\uc544\uc544,",
    "created_at": "2020-06-07T04:18:47.188"
  }
},
{
  "model": "travels.message",
  "pk": 34,
  "fields": {
    "theme": 1,
    "nickname": "\uc6b0\uc2a4\uc6b4 \uae30\ub9b0 3",
    "message": "\uc791\ub3d9\ub418\ub294\uc9c0\uc694",
    "created_at": "2020-06-07T04:18:51.637"
  }
},
{
  "model": "travels.message",
  "pk": 35,
  "fields": {
    "theme": 1,
    "nickname": "\uc6b0\uc2a4\uc6b4 \uae30\ub9b0 3",
    "message": "\uc544\uc544;",
    "created_at": "2020-06-07T04:20:24.861"
  }
},
{
  "model": "travels.message",
  "pk": 36,
  "fields": {
    "theme": 1,
    "nickname": "\uc6b0\uc2a4\uc6b4 \uae30\ub9b0 3",
    "message": "\ub9c8\uc774\ud06c \ud14c\uc2a4\ud2b8\ud569\ub2c8\ub2e4",
    "created_at": "2020-06-07T04:20:29.565"
  }
},
{
  "model": "travels.message",
  "pk": 37,
  "fields": {
    "theme": 1,
    "nickname": "\uc6b0\uc2a4\uc6b4 \uae30\ub9b0 3",
    "message": "\uc65c \uc548\ub418\ub294\uc9c0 \uc544\ub294\uc0ac~\ub78c~ \uc190!",
    "created_at": "2020-06-07T04:29:28.290"
  }
},
{
  "model": "travels.message",
  "pk": 38,
  "fields": {
    "theme": 1,
    "nickname": "\uc6b0\uc2a4\uc6b4 \uae30\ub9b0 3",
    "message": "\ud06c\uc559\uc559",
    "created_at": "2020-06-07T04:50:47.185"
  }
},
{
  "model": "travels.message",
  "pk": 39,
  "fields": {
    "theme": 1,
    "nickname": "\uc6b0\uc2a4\uc6b4 \uae30\ub9b0 3",
    "message": "\ud5c9!! \ub2e4\uc2dc\ub3c4\ub77c\uc654\ub2e4!!",
    "created_at": "2020-06-07T04:50:55.221"
  }
},
{
  "model": "travels.message",
  "pk": 40,
  "fields": {
    "theme": 1,
    "nickname": "\uc6b0\uc2a4\uc6b4 \uae30\ub9b0 3",
    "message": "\uc54a\uc774;; \uc548\ub300\uc790\ub098",
    "created_at": "2020-06-07T04:51:19.441"
  }
},
{
  "model": "travels.message",
  "pk": 41,
  "fields": {
    "theme": 1,
    "nickname": "\uc6b0\uc2a4\uc6b4 \uae30\ub9b0 3",
    "message": "\ud558 \u314b\u314b\u314b\u314b..",
    "created_at": "2020-06-07T04:51:25.156"
  }
},
{
  "model": "travels.message",
  "pk": 42,
  "fields": {
    "theme": 1,
    "nickname": "admin",
    "message": "\uc548\ub155\ud558\uc1fc~",
    "created_at": "2020-06-07T20:48:02.811"
  }
},
{
  "model": "travels.message",
  "pk": 43,
  "fields": {
    "theme": 1,
    "nickname": "admin",
    "message": "\ub0b4\uac70 \uc65c\uc774\ub7ec\ub0d0",
    "created_at": "2020-06-07T20:59:11.844"
  }
},
{
  "model": "travels.message",
  "pk": 44,
  "fields": {
    "theme": 1,
    "nickname": "admin",
    "message": "\uc544\uc544~",
    "created_at": "2020-06-07T20:59:53.647"
  }
},
{
  "model": "travels.message",
  "pk": 45,
  "fields": {
    "theme": 2,
    "nickname": "admin",
    "message": "\uc624\ubb50\uc57c,, \ub0b4\uac00 \ucc98\uc74c\uc778\uac13 ? ^^",
    "created_at": "2020-06-07T21:00:09.598"
  }
},
{
  "model": "travels.message",
  "pk": 46,
  "fields": {
    "theme": 2,
    "nickname": "admin",
    "message": "\ubb50\uc9c0 \uc800 \uc2dc\uac04",
    "created_at": "2020-06-07T21:00:14.545"
  }
},
{
  "model": "travels.message",
  "pk": 47,
  "fields": {
    "theme": 2,
    "nickname": "admin",
    "message": "\uc544\ub1fd~~",
    "created_at": "2020-06-07T21:01:28.355"
  }
},
{
  "model": "travels.message",
  "pk": 48,
  "fields": {
    "theme": 2,
    "nickname": "admin",
    "message": "\ud5d0",
    "created_at": "2020-06-07T21:01:31.553"
  }
},
{
  "model": "travels.message",
  "pk": 49,
  "fields": {
    "theme": 2,
    "nickname": "admin",
    "message": "\uc548\ub155~",
    "created_at": "2020-06-07T21:04:28.190"
  }
},
{
  "model": "travels.message",
  "pk": 50,
  "fields": {
    "theme": 2,
    "nickname": "admin",
    "message": "\ubb50\uc57c;",
    "created_at": "2020-06-07T21:04:30.681"
  }
},
{
  "model": "travels.message",
  "pk": 51,
  "fields": {
    "theme": 2,
    "nickname": "admin",
    "message": "\uc5ec\uae30\uc11c \uc4f0\uba74",
    "created_at": "2020-06-07T21:04:36.017"
  }
},
{
  "model": "travels.message",
  "pk": 52,
  "fields": {
    "theme": 2,
    "nickname": "admin",
    "message": "\ud760",
    "created_at": "2020-06-07T21:04:41.632"
  }
},
{
  "model": "travels.message",
  "pk": 53,
  "fields": {
    "theme": 2,
    "nickname": "admin",
    "message": "\ubcf4\uc774\ub824\ub098",
    "created_at": "2020-06-07T21:04:45.784"
  }
},
{
  "model": "travels.message",
  "pk": 54,
  "fields": {
    "theme": 2,
    "nickname": "admin",
    "message": "\uc790\uc790",
    "created_at": "2020-06-07T21:05:06.991"
  }
},
{
  "model": "travels.message",
  "pk": 55,
  "fields": {
    "theme": 2,
    "nickname": "admin",
    "message": "\uc65c\uc548\ubcf4\uc774\uc9c0;",
    "created_at": "2020-06-07T21:05:14.484"
  }
},
{
  "model": "travels.message",
  "pk": 56,
  "fields": {
    "theme": 2,
    "nickname": "admin",
    "message": "\ud760;",
    "created_at": "2020-06-07T21:06:40.147"
  }
},
{
  "model": "travels.message",
  "pk": 57,
  "fields": {
    "theme": 2,
    "nickname": "admin",
    "message": "\uc790\uc790 \uc5ec\uae30\uc120?",
    "created_at": "2020-06-07T21:07:20.769"
  }
},
{
  "model": "travels.message",
  "pk": 58,
  "fields": {
    "theme": 2,
    "nickname": "admin",
    "message": ";",
    "created_at": "2020-06-07T21:09:02.487"
  }
},
{
  "model": "travels.message",
  "pk": 59,
  "fields": {
    "theme": 2,
    "nickname": "admin",
    "message": "\u3147\u3147",
    "created_at": "2020-06-07T21:14:02.977"
  }
},
{
  "model": "travels.message",
  "pk": 60,
  "fields": {
    "theme": 2,
    "nickname": "admin",
    "message": "\uc790\uc790;",
    "created_at": "2020-06-07T21:22:01.358"
  }
},
{
  "model": "travels.message",
  "pk": 61,
  "fields": {
    "theme": 3,
    "nickname": "admin",
    "message": "..?",
    "created_at": "2020-06-07T21:34:08.714"
  }
},
{
  "model": "travels.message",
  "pk": 62,
  "fields": {
    "theme": 3,
    "nickname": "admin",
    "message": "\uc544\ud558",
    "created_at": "2020-06-07T21:34:52.891"
  }
},
{
  "model": "travels.message",
  "pk": 63,
  "fields": {
    "theme": 3,
    "nickname": "admin",
    "message": "\ubb50\uc57c.. ?",
    "created_at": "2020-06-07T21:35:07.988"
  }
},
{
  "model": "travels.message",
  "pk": 64,
  "fields": {
    "theme": 3,
    "nickname": "admin",
    "message": "\uc5b4\ud5c8~",
    "created_at": "2020-06-07T21:35:47.348"
  }
},
{
  "model": "travels.message",
  "pk": 65,
  "fields": {
    "theme": 3,
    "nickname": "admin",
    "message": "\ud07c\ud760\ud760",
    "created_at": "2020-06-07T21:38:24.644"
  }
},
{
  "model": "travels.message",
  "pk": 66,
  "fields": {
    "theme": 3,
    "nickname": "admin",
    "message": "\uc544\uc544",
    "created_at": "2020-06-07T21:38:43.190"
  }
},
{
  "model": "travels.message",
  "pk": 67,
  "fields": {
    "theme": 3,
    "nickname": "admin",
    "message": "\ub09c\ub098~",
    "created_at": "2020-06-07T21:39:53.305"
  }
},
{
  "model": "travels.message",
  "pk": 68,
  "fields": {
    "theme": 3,
    "nickname": "admin",
    "message": "\uc54a\uc774;",
    "created_at": "2020-06-07T21:39:59.430"
  }
},
{
  "model": "travels.message",
  "pk": 69,
  "fields": {
    "theme": 3,
    "nickname": "admin",
    "message": "\uc774\uac8c\uba38\ub0d0;",
    "created_at": "2020-06-07T21:42:08.933"
  }
},
{
  "model": "travels.message",
  "pk": 70,
  "fields": {
    "theme": 3,
    "nickname": "admin",
    "message": "\uc57c\ud638~",
    "created_at": "2020-06-07T21:54:13.232"
  }
},
{
  "model": "travels.message",
  "pk": 71,
  "fields": {
    "theme": 3,
    "nickname": "admin",
    "message": "?",
    "created_at": "2020-06-07T21:54:17.841"
  }
},
{
  "model": "travels.message",
  "pk": 72,
  "fields": {
    "theme": 3,
    "nickname": "admin",
    "message": "?\uc65c",
    "created_at": "2020-06-07T21:54:20.888"
  }
},
{
  "model": "travels.message",
  "pk": 73,
  "fields": {
    "theme": 3,
    "nickname": "admin",
    "message": "?\uc65c\ubb50\uc57c;",
    "created_at": "2020-06-07T21:54:22.316"
  }
},
{
  "model": "travels.message",
  "pk": 74,
  "fields": {
    "theme": 3,
    "nickname": "admin",
    "message": "\uc544\ub2c8;",
    "created_at": "2020-06-07T21:54:31.565"
  }
},
{
  "model": "travels.message",
  "pk": 75,
  "fields": {
    "theme": 3,
    "nickname": "admin",
    "message": "\uc5e3\ud5f4",
    "created_at": "2020-06-07T21:55:35.836"
  }
},
{
  "model": "travels.message",
  "pk": 76,
  "fields": {
    "theme": 3,
    "nickname": "admin",
    "message": "\ud760\ud760",
    "created_at": "2020-06-07T21:55:39.102"
  }
},
{
  "model": "travels.message",
  "pk": 77,
  "fields": {
    "theme": 2,
    "nickname": "admin",
    "message": "\uc774\uc694\uc6a9",
    "created_at": "2020-06-07T21:56:39.055"
  }
},
{
  "model": "travels.message",
  "pk": 78,
  "fields": {
    "theme": 2,
    "nickname": "admin",
    "message": "?;",
    "created_at": "2020-06-07T21:56:50.922"
  }
},
{
  "model": "travels.message",
  "pk": 79,
  "fields": {
    "theme": 2,
    "nickname": "admin",
    "message": "\ubb50\uc2dc\uc5ec,,",
    "created_at": "2020-06-07T21:56:57.415"
  }
},
{
  "model": "travels.message",
  "pk": 80,
  "fields": {
    "theme": 2,
    "nickname": "admin",
    "message": "\ud760",
    "created_at": "2020-06-07T21:57:00.753"
  }
},
{
  "model": "travels.message",
  "pk": 81,
  "fields": {
    "theme": 1,
    "nickname": "admin",
    "message": "\uc5e3\ud5f4",
    "created_at": "2020-06-07T21:57:12.924"
  }
},
{
  "model": "travels.message",
  "pk": 82,
  "fields": {
    "theme": 1,
    "nickname": "admin",
    "message": "\ubb50\uc9c0 ;",
    "created_at": "2020-06-07T21:57:27.601"
  }
},
{
  "model": "travels.message",
  "pk": 83,
  "fields": {
    "theme": 1,
    "nickname": "admin",
    "message": "\uc5e5",
    "created_at": "2020-06-07T21:57:29.746"
  }
},
{
  "model": "travels.message",
  "pk": 84,
  "fields": {
    "theme": 1,
    "nickname": "admin",
    "message": "\ud558\uc774~",
    "created_at": "2020-06-07T22:00:39.441"
  }
},
{
  "model": "travels.message",
  "pk": 85,
  "fields": {
    "theme": 1,
    "nickname": "admin",
    "message": "\uc5e5 ?",
    "created_at": "2020-06-07T22:00:43.783"
  }
},
{
  "model": "travels.message",
  "pk": 86,
  "fields": {
    "theme": 1,
    "nickname": "admin",
    "message": "\uc5e5",
    "created_at": "2020-06-07T22:00:46.258"
  }
},
{
  "model": "travels.message",
  "pk": 87,
  "fields": {
    "theme": 1,
    "nickname": "admin",
    "message": "\uc5e5\ubb50\uc57c \ub300\uccb4",
    "created_at": "2020-06-07T22:00:48.608"
  }
},
{
  "model": "travels.message",
  "pk": 88,
  "fields": {
    "theme": 2,
    "nickname": "admin",
    "message": "\u314e\u3147",
    "created_at": "2020-06-07T22:02:15.571"
  }
},
{
  "model": "travels.message",
  "pk": 89,
  "fields": {
    "theme": 2,
    "nickname": "admin",
    "message": "\u314e\u3147",
    "created_at": "2020-06-07T22:02:17.443"
  }
},
{
  "model": "travels.message",
  "pk": 90,
  "fields": {
    "theme": 2,
    "nickname": "admin",
    "message": "\u314e\u3147\u314e\u3147",
    "created_at": "2020-06-07T22:02:19.736"
  }
},
{
  "model": "travels.message",
  "pk": 91,
  "fields": {
    "theme": 1,
    "nickname": "\uc6b0\uc2a4\uc6b4 \uae30\ub9b0 3",
    "message": "\uc548\ub1fd~ ><",
    "created_at": "2020-06-08T01:24:25.025"
  }
},
{
  "model": "travels.message",
  "pk": 92,
  "fields": {
    "theme": 1,
    "nickname": "\uc544\ub9ac\ub530\uc6b4 \ud3ad\uadc4 8",
    "message": "\uc548\ub155",
    "created_at": "2020-06-08T11:13:47.144"
  }
},
{
  "model": "travels.message",
  "pk": 93,
  "fields": {
    "theme": 1,
    "nickname": "\uc544\ub9ac\ub530\uc6b4 \ud3ad\uadc4 8",
    "message": "\uc548\ub155",
    "created_at": "2020-06-08T13:28:10.938"
  }
},
{
  "model": "travels.message",
  "pk": 94,
  "fields": {
    "theme": 1,
    "nickname": "\uc608\uc05c \ud638\ub791\uc774 6",
    "message": "\ucc44\ud305",
    "created_at": "2020-06-08T15:55:19.942"
  }
},
{
  "model": "travels.message",
  "pk": 95,
  "fields": {
    "theme": 1,
    "nickname": "\uc608\uc05c \ud638\ub791\uc774 6",
    "message": "\u3147\u3134\u314c",
    "created_at": "2020-06-08T15:56:58.235"
  }
},
{
  "model": "travels.message",
  "pk": 96,
  "fields": {
    "theme": 3,
    "nickname": "\uae30\ubd80\ub2c8\uac00\uc88b\uc740\uad00\ub9ac\uc790",
    "message": "\ucd9c\ub801\ub2e4\ub9ac \uac00\ubd24\ub294\ub370 \ub2e4\ub978 \uc0ac\ub78c\uc774 \ud754\ub4e4\uc5b4\uc11c \ubb34\uc11c\uc6e0\uc5b4\uc694..",
    "created_at": "2020-06-08T15:58:25.887"
  }
},
{
  "model": "travels.message",
  "pk": 97,
  "fields": {
    "theme": 1,
    "nickname": "\uc608\uc05c \ud638\ub791\uc774 6",
    "message": "\uc548\ub155",
    "created_at": "2020-06-08T15:58:39.621"
  }
},
{
  "model": "travels.message",
  "pk": 98,
  "fields": {
    "theme": 1,
    "nickname": "\uc608\uc05c \ud638\ub791\uc774 6",
    "message": "\uc548\ub155",
    "created_at": "2020-06-08T15:58:45.508"
  }
},
{
  "model": "travels.message",
  "pk": 99,
  "fields": {
    "theme": 1,
    "nickname": "\uc608\uc05c \ud638\ub791\uc774 6",
    "message": "\uc548\ub155",
    "created_at": "2020-06-08T16:04:22.318"
  }
},
{
  "model": "travels.message",
  "pk": 100,
  "fields": {
    "theme": 1,
    "nickname": "\uc608\uc05c \ud638\ub791\uc774 6",
    "message": "\uc548\ub155",
    "created_at": "2020-06-08T16:04:51.950"
  }
},
{
  "model": "travels.message",
  "pk": 101,
  "fields": {
    "theme": 1,
    "nickname": "\uc608\uc05c \ud638\ub791\uc774 6",
    "message": "\ub098\ub3c4\uc548\ub155",
    "created_at": "2020-06-08T16:04:58.135"
  }
},
{
  "model": "travels.message",
  "pk": 102,
  "fields": {
    "theme": 1,
    "nickname": "\uc608\uc05c \ud638\ub791\uc774 6",
    "message": "\ub108\ub3c4\uc548\ub155",
    "created_at": "2020-06-08T16:05:02.769"
  }
},
{
  "model": "travels.message",
  "pk": 103,
  "fields": {
    "theme": 1,
    "nickname": "\uc608\uc05c \ud638\ub791\uc774 6",
    "message": "\uc6b0\ub9ac\ubaa8\ub450\uc548\ub155",
    "created_at": "2020-06-08T16:05:06.161"
  }
},
{
  "model": "travels.message",
  "pk": 104,
  "fields": {
    "theme": 1,
    "nickname": "\uc608\uc05c \ud638\ub791\uc774 6",
    "message": "\uc608",
    "created_at": "2020-06-08T16:05:07.154"
  }
},
{
  "model": "travels.message",
  "pk": 105,
  "fields": {
    "theme": 1,
    "nickname": "\uc608\uc05c \ud638\ub791\uc774 6",
    "message": "\uc598'",
    "created_at": "2020-06-08T16:05:16.878"
  }
},
{
  "model": "travels.message",
  "pk": 106,
  "fields": {
    "theme": 1,
    "nickname": "\uc608\uc05c \ud638\ub791\uc774 6",
    "message": "\uc548\ub155",
    "created_at": "2020-06-08T16:05:41.287"
  }
},
{
  "model": "travels.message",
  "pk": 107,
  "fields": {
    "theme": 1,
    "nickname": "\uc608\uc05c \ud638\ub791\uc774 6",
    "message": "\uc548\ub155",
    "created_at": "2020-06-08T16:31:13.773"
  }
},
{
  "model": "travels.message",
  "pk": 108,
  "fields": {
    "theme": 1,
    "nickname": "\uc608\uc05c \ud638\ub791\uc774 6",
    "message": "\ub9e5\ubd81\ud14c\uc2a4\ud2b8",
    "created_at": "2020-06-08T16:40:48.487"
  }
},
{
  "model": "travels.message",
  "pk": 109,
  "fields": {
    "theme": 1,
    "nickname": "\uc608\uc05c \ud638\ub791\uc774 6",
    "message": "\uc548\ub155\ud558\uc138\uc5fd~",
    "created_at": "2020-06-08T17:27:10.586"
  }
},
{
  "model": "travels.message",
  "pk": 110,
  "fields": {
    "theme": 1,
    "nickname": "\uc608\uc05c \ud638\ub791\uc774 6",
    "message": "\uc5ec\uae30\uac00 \uadf8\ub807\uac8c \ud56b\ud558\ub2e4\ub294 \uacf3 \ub9de\ub098\uc5ec~?",
    "created_at": "2020-06-08T17:27:46.960"
  }
},
{
  "model": "travels.message",
  "pk": 111,
  "fields": {
    "theme": 1,
    "nickname": "\uc608\uc05c \ud638\ub791\uc774 6",
    "message": "\uc548\ub155",
    "created_at": "2020-06-08T17:28:48.135"
  }
},
{
  "model": "travels.message",
  "pk": 112,
  "fields": {
    "theme": 1,
    "nickname": "\uc608\uc05c \ud638\ub791\uc774 6",
    "message": "\uc798\ub5a8\uc5b4\uc9c4\ub2e4",
    "created_at": "2020-06-08T17:28:53.030"
  }
},
{
  "model": "travels.message",
  "pk": 113,
  "fields": {
    "theme": 1,
    "nickname": "\uc608\uc05c \ud638\ub791\uc774 6",
    "message": "\uc548\ub4dc\ub85c\uc774\ub4dc\ub294?",
    "created_at": "2020-06-08T17:29:21.534"
  }
},
{
  "model": "travels.message",
  "pk": 114,
  "fields": {
    "theme": 1,
    "nickname": "\uc608\uc05c \ud638\ub791\uc774 6",
    "message": "\uc548\ub418\ub124",
    "created_at": "2020-06-08T17:31:26.122"
  }
},
{
  "model": "travels.message",
  "pk": 115,
  "fields": {
    "theme": 1,
    "nickname": "\uc608\uc05c \ud638\ub791\uc774 6",
    "message": "009",
    "created_at": "2020-06-08T17:31:38.866"
  }
},
{
  "model": "travels.message",
  "pk": 116,
  "fields": {
    "theme": 1,
    "nickname": "\uc608\uc05c \ud638\ub791\uc774 6",
    "message": "\uc5d0\ub7ec",
    "created_at": "2020-06-08T17:32:21.713"
  }
},
{
  "model": "travels.message",
  "pk": 117,
  "fields": {
    "theme": 1,
    "nickname": "\uc608\uc05c \ud638\ub791\uc774 6",
    "message": "\uc5d0\ub7ec?",
    "created_at": "2020-06-08T17:32:28.268"
  }
},
{
  "model": "travels.message",
  "pk": 118,
  "fields": {
    "theme": 1,
    "nickname": "\uc608\uc05c \ud638\ub791\uc774 6",
    "message": "\uc5d0\ub7ec",
    "created_at": "2020-06-08T17:32:33.591"
  }
},
{
  "model": "travels.message",
  "pk": 119,
  "fields": {
    "theme": 1,
    "nickname": "\uc608\uc05c \ud638\ub791\uc774 6",
    "message": "\uc2a4\ud06c\ub864",
    "created_at": "2020-06-08T17:32:42.010"
  }
},
{
  "model": "travels.message",
  "pk": 120,
  "fields": {
    "theme": 1,
    "nickname": "\uc544\ub9ac\ub530\uc6b4 \ud3ad\uadc4 8",
    "message": "\uc774\uacf3\uc774 \uc720\uba85\ud558\ub2e4\ub294 \uac70\uae34\uac00\uc694",
    "created_at": "2020-06-08T17:47:53.998"
  }
},
{
  "model": "travels.message",
  "pk": 121,
  "fields": {
    "theme": 1,
    "nickname": "\uc608\uc05c \ud638\ub791\uc774 6",
    "message": "\uc544\ub2d9\ub2c8\ub2e4",
    "created_at": "2020-06-08T17:51:57.896"
  }
},
{
  "model": "travels.message",
  "pk": 122,
  "fields": {
    "theme": 1,
    "nickname": "\uc608\uc05c \ud638\ub791\uc774 6",
    "message": "\uc2e4\uc2dc\uac04\uc73c\ub85c \uc81c\uba58\ud0c8\uc774 \uac08\ub824\ub098\uac00\ub294\uacf3\uc785\ub2c8\ub2e4",
    "created_at": "2020-06-08T17:52:21.009"
  }
},
{
  "model": "travels.message",
  "pk": 123,
  "fields": {
    "theme": 1,
    "nickname": "\uc608\uc05c \ud638\ub791\uc774 6",
    "message": "\uc65c\uc774\ub798",
    "created_at": "2020-06-08T17:52:40.105"
  }
},
{
  "model": "travels.message",
  "pk": 124,
  "fields": {
    "theme": 1,
    "nickname": "\uc608\uc05c \ud638\ub791\uc774 6",
    "message": "\ubb54\ub300",
    "created_at": "2020-06-08T17:52:46.725"
  }
},
{
  "model": "travels.message",
  "pk": 125,
  "fields": {
    "theme": 1,
    "nickname": "\uc608\uc05c \ud638\ub791\uc774 6",
    "message": "\uc774\uac70\ubb54\ub300",
    "created_at": "2020-06-08T17:53:28.960"
  }
},
{
  "model": "travels.message",
  "pk": 126,
  "fields": {
    "theme": 1,
    "nickname": "\uc608\uc05c \ud638\ub791\uc774 6",
    "message": "\uc57c\ud638",
    "created_at": "2020-06-08T17:53:32.886"
  }
},
{
  "model": "travels.message",
  "pk": 127,
  "fields": {
    "theme": 1,
    "nickname": "\uc608\uc05c \ud638\ub791\uc774 6",
    "message": "\uc2a4\ud06c\ub864\ud14c\uc2a4\ud2b8",
    "created_at": "2020-06-08T17:54:18.463"
  }
},
{
  "model": "travels.message",
  "pk": 128,
  "fields": {
    "theme": 1,
    "nickname": "\uc608\uc05c \ud638\ub791\uc774 6",
    "message": "\uc6d0\ud22c\ubb54\ud22c",
    "created_at": "2020-06-08T17:54:24.981"
  }
},
{
  "model": "travels.message",
  "pk": 129,
  "fields": {
    "theme": 1,
    "nickname": "\uc608\uc05c \ud638\ub791\uc774 6",
    "message": "\uc57c\ud638",
    "created_at": "2020-06-08T17:54:28.173"
  }
},
{
  "model": "travels.message",
  "pk": 130,
  "fields": {
    "theme": 1,
    "nickname": "\uc608\uc05c \ud638\ub791\uc774 6",
    "message": "\uc2a4\ud06c\ub864\ud14c\uc2a4\ud2b8 \ud22c\uc4f0\ub9ac",
    "created_at": "2020-06-08T17:57:19.266"
  }
},
{
  "model": "travels.message",
  "pk": 131,
  "fields": {
    "theme": 1,
    "nickname": "\uc544\ub9ac\ub530\uc6b4 \ud3ad\uadc4 8",
    "message": "nan",
    "created_at": "2020-06-08T20:31:12.544"
  }
},
{
  "model": "travels.message",
  "pk": 132,
  "fields": {
    "theme": 3,
    "nickname": "\uc608\uc05c \ud638\ub791\uc774 6",
    "message": "\uc800\ub294 \uac1c\uc778\uc801\uc73c\ub85c \ub108\ubb34 \uc7ac\ubbf8\uc788\uc5c7\uc5b4\uc694",
    "created_at": "2020-06-08T21:29:57.940"
  }
},
{
  "model": "travels.message",
  "pk": 133,
  "fields": {
    "theme": 3,
    "nickname": "\uc608\uc05c \ud638\ub791\uc774 6",
    "message": "\uc6d0\uc8fc\uc5d0 \uc774\ub7f0 \uacf3\uc774 \uc788\ub294 \uc904 \ubab0\ub790\ub294\ub370",
    "created_at": "2020-06-08T21:30:45.585"
  }
},
{
  "model": "travels.message",
  "pk": 134,
  "fields": {
    "theme": 2,
    "nickname": "\uc544\ub9ac\ub530\uc6b4 \ud3ad\uadc4 8",
    "message": "\uc774\uc57c",
    "created_at": "2020-06-08T23:19:36.119"
  }
},
{
  "model": "travels.message",
  "pk": 135,
  "fields": {
    "theme": 1,
    "nickname": "\uc608\uc05c \ud638\ub791\uc774 6",
    "message": "\ubc29\uc774\ub984 \uc798\ub098\uc624",
    "created_at": "2020-06-08T23:30:46.432"
  }
},
{
  "model": "travels.message",
  "pk": 136,
  "fields": {
    "theme": 1,
    "nickname": "\uc608\uc05c \ud638\ub791\uc774 6",
    "message": "\uc2a4\ud06c\ub864 \uc798\ub418\ub124\uc694",
    "created_at": "2020-06-08T23:30:53.474"
  }
},
{
  "model": "travels.message",
  "pk": 137,
  "fields": {
    "theme": 1,
    "nickname": "\uc18c\ud658\ub41c \uac1c\ubbf8\ud565\uae30 5",
    "message": "\uc548\ub18d~",
    "created_at": "2020-06-09T01:19:23.858"
  }
},
{
  "model": "travels.message",
  "pk": 138,
  "fields": {
    "theme": 1,
    "nickname": "\uc790\ube44\ub85c\uc6b4 \uace0\ub9b4\ub77c 9",
    "message": "\uc548\ub155\ud558\uc138\uc694",
    "created_at": "2020-06-09T03:02:36.877"
  }
},
{
  "model": "travels.message",
  "pk": 139,
  "fields": {
    "theme": 1,
    "nickname": "\uc18c\ud658\ub41c \uac1c\ubbf8\ud565\uae30 5",
    "message": "\uc5ec\uae30 \ud14c\ub9c8 \uc5b4\ub54c\uc5ec?",
    "created_at": "2020-06-09T03:07:25.750"
  }
},
{
  "model": "travels.message",
  "pk": 140,
  "fields": {
    "theme": 1,
    "nickname": "\uc18c\ud658\ub41c \uac1c\ubbf8\ud565\uae30 5",
    "message": "\uc720\uc775\ud55c\uac00\uc5ec?",
    "created_at": "2020-06-09T03:07:28.835"
  }
},
{
  "model": "travels.message",
  "pk": 141,
  "fields": {
    "theme": 1,
    "nickname": "\uc790\ube44\ub85c\uc6b4 \uace0\ub9b4\ub77c 9",
    "message": "6\ubc88\uc5d0 \ub098\uc628 \ud314\uac01\uc815\uc774 \ubb34\ud55c\ub3c4\uc804 \ub098\uc628 \ud314\uac01\uc815\uc778\uac00\uc694??",
    "created_at": "2020-06-09T03:09:24.071"
  }
},
{
  "model": "travels.message",
  "pk": 142,
  "fields": {
    "theme": 1,
    "nickname": "\uc18c\ud658\ub41c \uac1c\ubbf8\ud565\uae30 5",
    "message": "\ub124\uadf8\ub7f0\ub370\uc65c\uc5ec?",
    "created_at": "2020-06-09T03:10:16.005"
  }
},
{
  "model": "travels.message",
  "pk": 143,
  "fields": {
    "theme": 1,
    "nickname": "\uc790\ube44\ub85c\uc6b4 \uace0\ub9b4\ub77c 9",
    "message": "\uc640 \ud55c\ubc88 \uac00\ubcf4\uace0 \uc2f6\uc5c8\ub294\ub300",
    "created_at": "2020-06-09T03:11:07.606"
  }
},
{
  "model": "travels.message",
  "pk": 144,
  "fields": {
    "theme": 1,
    "nickname": "\uac8c\uc73c\ub978 \uace0\uc591\uc774 12",
    "message": "\uc5ec\uae30 \ud14c\ub9c8 \uad1c\ucc2e\ub098\uc694?",
    "created_at": "2020-06-09T03:21:04.366"
  }
},
{
  "model": "travels.message",
  "pk": 145,
  "fields": {
    "theme": 1,
    "nickname": "\uc790\ube44\ub85c\uc6b4 \uace0\ub9b4\ub77c 9",
    "message": "\ub124 \ud0ac\ub9c1\ud0c0\uc784\uc73c\ub85c \uc88b\uc558\uc5b4\uc694",
    "created_at": "2020-06-09T03:21:08.265"
  }
},
{
  "model": "travels.message",
  "pk": 146,
  "fields": {
    "theme": 1,
    "nickname": "\uc790\ube44\ub85c\uc6b4 \uace0\ub9b4\ub77c 9",
    "message": "6\ubc88\uc5d0 \ub098\uc628 \ud314\uac01\uc815\uc774 \ubb34\ud55c\ub3c4\uc804 \ub098\uc628 \ud314\uac01\uc815\uc778\uac00\uc694??",
    "created_at": "2020-06-09T03:30:57.851"
  }
},
{
  "model": "travels.message",
  "pk": 147,
  "fields": {
    "theme": 1,
    "nickname": "\uc608\uc05c \ud638\ub791\uc774 6",
    "message": "\ub124\uadf8\ub7f0\ub370\uc65c\uc5ec?",
    "created_at": "2020-06-09T03:31:23.001"
  }
},
{
  "model": "travels.message",
  "pk": 148,
  "fields": {
    "theme": 1,
    "nickname": "\uc790\ube44\ub85c\uc6b4 \uace0\ub9b4\ub77c 9",
    "message": "\uc640 \ud55c\ubc88 \uac00\ubcf4\uace0 \uc2f6\uc5c8\ub294\ub300",
    "created_at": "2020-06-09T03:31:49.541"
  }
},
{
  "model": "travels.message",
  "pk": 149,
  "fields": {
    "theme": 1,
    "nickname": "\uac8c\uc73c\ub978 \uace0\uc591\uc774 12",
    "message": "\uc774 \ud14c\ub9c8 \uad1c\ucc2e\ub098\uc694?",
    "created_at": "2020-06-09T03:36:39.707"
  }
},
{
  "model": "travels.message",
  "pk": 150,
  "fields": {
    "theme": 1,
    "nickname": "\uc790\ube44\ub85c\uc6b4 \uace0\ub9b4\ub77c 9",
    "message": "\ub124 \ud0ac\ub9c1\ud0c0\uc784\uc73c\ub85c \uc88b\uc558\uc5b4\uc694",
    "created_at": "2020-06-09T03:36:45.641"
  }
},
{
  "model": "travels.message",
  "pk": 151,
  "fields": {
    "theme": 2,
    "nickname": "\uac8c\uc73c\ub978 \uace0\uc591\uc774 12",
    "message": "\uc57c\ud638",
    "created_at": "2020-06-09T03:39:17.732"
  }
},
{
  "model": "travels.message",
  "pk": 152,
  "fields": {
    "theme": 2,
    "nickname": "\uac8c\uc73c\ub978 \uace0\uc591\uc774 12",
    "message": "\ubb50\uc57c \ub728\ub2e4 \uc548\ub728\ub2e4 \ud558\ub098??",
    "created_at": "2020-06-09T03:39:28.508"
  }
},
{
  "model": "travels.message",
  "pk": 153,
  "fields": {
    "theme": 1,
    "nickname": "\uc790\ube44\ub85c\uc6b4 \uace0\ub9b4\ub77c 9",
    "message": "6\ubc88\uc5d0 \ub098\uc628 \ud314\uac01\uc815\uc774 \ubb34\ud55c\ub3c4\uc804 \ub098\uc628 \ud314\uac01\uc815\uc778\uac00\uc694??",
    "created_at": "2020-06-09T03:50:52.061"
  }
},
{
  "model": "travels.message",
  "pk": 154,
  "fields": {
    "theme": 1,
    "nickname": "\uc608\uc05c \ud638\ub791\uc774 6",
    "message": "\ub124 \ub9de\uc544\uc694",
    "created_at": "2020-06-09T03:51:21.869"
  }
},
{
  "model": "travels.message",
  "pk": 155,
  "fields": {
    "theme": 1,
    "nickname": "\uc790\ube44\ub85c\uc6b4 \uace0\ub9b4\ub77c 9",
    "message": "\uc640 \ud55c\ubc88 \uac00\ubcf4\uace0 \uc2f6\uc5c8\ub294\ub300",
    "created_at": "2020-06-09T03:51:56.052"
  }
},
{
  "model": "travels.message",
  "pk": 156,
  "fields": {
    "theme": 1,
    "nickname": "\uc608\uc05c \uac15\uc544\uc9c0 13",
    "message": "\uc5ec\uae30 \uad1c\ucc2e\ub098\uc694??",
    "created_at": "2020-06-09T03:55:20.498"
  }
},
{
  "model": "travels.message",
  "pk": 157,
  "fields": {
    "theme": 1,
    "nickname": "\uc790\ube44\ub85c\uc6b4 \uace0\ub9b4\ub77c 9",
    "message": "\ub124 \ud0ac\ub9c1\ud0c0\uc784\uc73c\ub85c \uc88b\uc558\uc5b4\uc694",
    "created_at": "2020-06-09T03:55:24.650"
  }
},
{
  "model": "travels.message",
  "pk": 158,
  "fields": {
    "theme": 1,
    "nickname": "\uc544\ub9ac\ub530\uc6b4 \ud3ad\uadc4 8",
    "message": "\uc774 \ucf54\uc2a4 \uc5b4\ub5a4\uac00\uc694?",
    "created_at": "2020-06-09T04:16:01.221"
  }
},
{
  "model": "travels.message",
  "pk": 159,
  "fields": {
    "theme": 2,
    "nickname": "\uc544\ub9ac\ub530\uc6b4 \ud3ad\uadc4 8",
    "message": "\uc6b0\uc640",
    "created_at": "2020-06-09T09:23:46.526"
  }
},
{
  "model": "travels.message",
  "pk": 160,
  "fields": {
    "theme": 2,
    "nickname": "\uc544\ub9ac\ub530\uc6b4 \ud3ad\uadc4 8",
    "message": "\uad1c\ucc2e\uc740\ub4ef",
    "created_at": "2020-06-09T09:24:24.880"
  }
},
{
  "model": "travels.message",
  "pk": 161,
  "fields": {
    "theme": 1,
    "nickname": "\ubb34\uc11c\uc6b4 \uace0\uc591\uc774 17",
    "message": "\uc5ec\uae30 \uc720\uc775\ud55c\uac00\uc694",
    "created_at": "2020-06-09T09:52:37.247"
  }
},
{
  "model": "travels.message",
  "pk": 162,
  "fields": {
    "theme": 3,
    "nickname": "\uae30\ubd84\uc88b\uc740\uad00\ub9ac\uc790",
    "message": "\uc548\ub155\ud558\uc138\uc694",
    "created_at": "2020-06-09T12:33:13.682"
  }
},
{
  "model": "travels.message",
  "pk": 163,
  "fields": {
    "theme": 1,
    "nickname": "\uae30\ubd84\uc88b\uc740\uad00\ub9ac\uc790",
    "message": "\uc5ec\uae30 \uc720\uc775\ud55c\uac00\uc694?",
    "created_at": "2020-06-09T13:46:36.079"
  }
},
{
  "model": "travels.message",
  "pk": 164,
  "fields": {
    "theme": 3,
    "nickname": "\ucf8c\ud65c\ud55c \uce58\ud0c0 10",
    "message": "\ubba4\uc9c0\uc5c4\uc0b0\uc740 \ud655\uc2e4\ud788 \uc785\uc7a5\ub8cc \uac12\uc744 \ud558\ub294 \uac83 \uac19\uc544\uc694~",
    "created_at": "2020-06-15T19:30:10.708"
  }
},
{
  "model": "travels.message",
  "pk": 165,
  "fields": {
    "theme": 3,
    "nickname": "\uae30\ubd80\ub2c8\uac00\uc88b\uc740\uad00\ub9ac\uc790",
    "message": "\ub9ce\uc740 \uc758\uacac \ub0a8\uaca8\uc8fc\uc2dc\uae30 \ubc14\ub78d\ub2c8\ub2e4.",
    "created_at": "2020-06-15T19:32:08.825"
  }
},
{
  "model": "travels.message",
  "pk": 166,
  "fields": {
    "theme": 1,
    "nickname": "\uc608\uc05c \ud638\ub791\uc774 6",
    "message": "\uc720\uc775\ud574\uc694",
    "created_at": "2020-06-17T22:51:06.605"
  }
},
{
  "model": "travels.destcontent",
  "pk": 1,
  "fields": {
    "theme": 1,
    "destination": 1,
    "contents": "1,22,2",
    "created_at": "2020-06-04T07:18:07.365",
    "updated_at": "2020-06-08T21:52:28.232"
  }
},
{
  "model": "travels.destcontent",
  "pk": 2,
  "fields": {
    "theme": 1,
    "destination": 2,
    "contents": "3,23,4",
    "created_at": "2020-06-04T07:20:02.720",
    "updated_at": "2020-06-08T23:41:25.209"
  }
},
{
  "model": "travels.destcontent",
  "pk": 3,
  "fields": {
    "theme": 1,
    "destination": 3,
    "contents": "5,24,6,25",
    "created_at": "2020-06-04T07:20:34.005",
    "updated_at": "2020-06-08T23:48:49.947"
  }
},
{
  "model": "travels.destcontent",
  "pk": 4,
  "fields": {
    "theme": 1,
    "destination": 4,
    "contents": "26,7,8,9,10",
    "created_at": "2020-06-04T07:21:32.742",
    "updated_at": "2020-06-08T23:51:54.555"
  }
},
{
  "model": "travels.destcontent",
  "pk": 5,
  "fields": {
    "theme": 1,
    "destination": 5,
    "contents": "28,11,12",
    "created_at": "2020-06-04T07:23:26.363",
    "updated_at": "2020-06-09T00:02:44.353"
  }
},
{
  "model": "travels.destcontent",
  "pk": 6,
  "fields": {
    "theme": 1,
    "destination": 6,
    "contents": "13,14,27,15,16",
    "created_at": "2020-06-04T07:24:10.263",
    "updated_at": "2020-06-09T00:05:01.514"
  }
},
{
  "model": "travels.destcontent",
  "pk": 7,
  "fields": {
    "theme": 1,
    "destination": 7,
    "contents": "29,17,18,19",
    "created_at": "2020-06-04T07:25:33.314",
    "updated_at": "2020-06-09T00:13:39.296"
  }
},
{
  "model": "travels.destcontent",
  "pk": 8,
  "fields": {
    "theme": 2,
    "destination": 8,
    "contents": "30,31",
    "created_at": "2020-06-04T10:48:32.714",
    "updated_at": "2020-06-09T01:07:59.943"
  }
},
{
  "model": "travels.destcontent",
  "pk": 9,
  "fields": {
    "theme": 3,
    "destination": 10,
    "contents": "51,52,53",
    "created_at": "2020-06-08T14:13:45.013",
    "updated_at": "2020-06-09T01:09:24.244"
  }
},
{
  "model": "travels.destcontent",
  "pk": 10,
  "fields": {
    "theme": 3,
    "destination": 11,
    "contents": "54,55,56,57",
    "created_at": "2020-06-08T14:13:50.891",
    "updated_at": "2020-06-09T01:09:31.411"
  }
},
{
  "model": "travels.destcontent",
  "pk": 11,
  "fields": {
    "theme": 4,
    "destination": 12,
    "contents": "58,59",
    "created_at": "2020-06-08T14:22:26.437",
    "updated_at": "2020-06-09T01:09:37.675"
  }
},
{
  "model": "travels.destcontent",
  "pk": 12,
  "fields": {
    "theme": 4,
    "destination": 13,
    "contents": "60,61",
    "created_at": "2020-06-08T14:22:30.890",
    "updated_at": "2020-06-09T01:09:46.243"
  }
},
{
  "model": "travels.destcontent",
  "pk": 13,
  "fields": {
    "theme": 4,
    "destination": 14,
    "contents": "62,63,64,65",
    "created_at": "2020-06-08T14:22:36.641",
    "updated_at": "2020-06-09T01:09:54.170"
  }
},
{
  "model": "travels.destcontent",
  "pk": 14,
  "fields": {
    "theme": 4,
    "destination": 15,
    "contents": "66,67,68",
    "created_at": "2020-06-08T14:22:41.839",
    "updated_at": "2020-06-09T01:10:06.978"
  }
},
{
  "model": "travels.destcontent",
  "pk": 15,
  "fields": {
    "theme": 2,
    "destination": 9,
    "contents": "32,33",
    "created_at": "2020-06-08T19:40:34.190",
    "updated_at": "2020-06-09T01:08:06.432"
  }
},
{
  "model": "travels.destcontent",
  "pk": 16,
  "fields": {
    "theme": 2,
    "destination": 16,
    "contents": "34,35,36",
    "created_at": "2020-06-08T19:40:43.766",
    "updated_at": "2020-06-09T01:08:14.069"
  }
},
{
  "model": "travels.destcontent",
  "pk": 17,
  "fields": {
    "theme": 2,
    "destination": 17,
    "contents": "37,38,30,40",
    "created_at": "2020-06-08T20:03:35.447",
    "updated_at": "2020-06-09T01:08:41.629"
  }
},
{
  "model": "travels.destcontent",
  "pk": 18,
  "fields": {
    "theme": 2,
    "destination": 18,
    "contents": "41,42,43,44",
    "created_at": "2020-06-08T20:07:01.451",
    "updated_at": "2020-06-09T01:09:00.288"
  }
},
{
  "model": "travels.destcontent",
  "pk": 19,
  "fields": {
    "theme": 2,
    "destination": 19,
    "contents": "45,46,47,48,49,50",
    "created_at": "2020-06-08T20:13:01.361",
    "updated_at": "2020-06-09T01:09:14.131"
  }
},
{
  "model": "travels.contentpage",
  "pk": 1,
  "fields": {
    "dest_content": 1,
    "image": "",
    "text": "\ubc14\ub85c \uc55e\uc774 \ub355\uc218\uad81 \ub3cc\ub2f4\uae38\uc785\ub2c8\ub2e4. \ub3cc\ub2f4\uae38\uc744 \ub530\ub77c \uc67c\ucabd\uc73c\ub85c \uac78\uc5b4\uac00\ubcf4\uc138\uc694. \r\n\r\n\uc774 \uae38\uc774 \uad6c\ud55c\ub9d0, \uace0\uc885\uacfc \uc138\uc790\uac00 \ub7ec\uc2dc\uc544 \uacf5\uc0ac\uad00\uc73c\ub85c \ud30c\ucc9c\uc744 \ud558\uba70 \uac77\ub358 \uae38\uc774\ub77c\ub294 \uc0ac\uc2e4, \uc54c\uace0 \uacc4\uc168\ub098\uc694? \uad50\uacfc\uc11c\uc5d0\uc11c\ub9cc \ubd24\ub358 \uc544\uad00\ud30c\ucc9c\uc758 \uae38\uc774 \ubc14\ub85c \uc774 \uae38\uc785\ub2c8\ub2e4.",
    "created_at": "2020-06-04T07:19:04.796",
    "updated_at": "2020-06-08T23:08:27.036"
  }
},
{
  "model": "travels.contentpage",
  "pk": 2,
  "fields": {
    "dest_content": 1,
    "image": "",
    "text": "\uc544\ud508 \uc5ed\uc0ac\uac00 \uc788\ub294 \uae38\uc774\ub77c \uadf8\ub7f0\uc9c0, \ub355\uc218\uad81 \ub3cc\ub2f4\uae38\uc744 \uc5f0\uc778\uc774 \ud568\uaed8 \uac78\uc73c\uba74 \ud5e4\uc5b4\uc9c4\ub2e4\ub294 \uc18d\uc124\uc774 \uc788\uc2b5\ub2c8\ub2e4. \ub2f4\ubcbc\ub77d\uc744 \ub530\ub77c\uc11c \ud55c\ubc88 \uac78\uc5b4\ubcfc\uae4c\uc694?",
    "created_at": "2020-06-04T07:19:43.299",
    "updated_at": "2020-06-08T23:12:32.099"
  }
},
{
  "model": "travels.contentpage",
  "pk": 3,
  "fields": {
    "dest_content": 2,
    "image": "",
    "text": "\uace0\uc885\uacfc \uc138\uc790\ub294 \uad81\uc744 \ub5a0\ub098 \uc774 \uacf3\uc5d0\uc11c \uc57d 1\ub144\uac04 \uba38\ubb34\ub985\ub2c8\ub2e4. \uad6d\uc655\uc774 \ub7ec\uc2dc\uc544\uc758 \ubcf4\ud638\ub97c \ubc1b\uac8c \ub418\uc790 \ub7ec\uc2dc\uc544\ub294 \uc0bc\ub9bc\ucc44\ubc8c\uad8c, \uad11\uc0b0\ucc44\uad74\uad8c \ub4f1 \uacbd\uc81c\uc801 \uc774\uad8c\uc744 \ucc28\uc9c0\ud569\ub2c8\ub2e4. \uc774\uc5d0 \uc720\ub7fd\uc774\ub098 \ubbf8\uad6d \ub4f1 \ub2e4\ub978 \uc5f4\uac15\ub4e4\ub3c4 \ub3d9\ub4f1\ud55c \uad8c\ub9ac\ub97c \uc694\uad6c\ud558\uba70 \uacbd\uc778, \uacbd\uc758\uc120\uc758 \ucca0\ub3c4\ubd80\uc124\uad8c \ub4f1\uc774 \ub2e4\ub978 \uc678\uad6d\uc73c\ub85c \ub118\uc5b4\uac00\uac8c \ub429\ub2c8\ub2e4.",
    "created_at": "2020-06-04T07:20:11.055",
    "updated_at": "2020-06-08T23:12:41.586"
  }
},
{
  "model": "travels.contentpage",
  "pk": 4,
  "fields": {
    "dest_content": 2,
    "image": "",
    "text": "\ub7ec\uc2dc\uc544\uc758 \uc555\ub825\uc774 \uac15\ub825\ud574\uc9c0\uc790 \uace0\uc885\uc740 \uae30\uc874\uc758 \uc655\uad81\uc774\uc5c8\ub358 \uacbd\ubcf5\uad81\uc774 \uc544\ub2cc \uacbd\uc6b4\uad81\uc73c\ub85c \ud658\uad81\ud569\ub2c8\ub2e4.\r\n\r\n\uc544\uae4c \uc9c0\ub098\uc654\ub358 \ub355\uc218\uad81, \uadf8 \uacf3\uc774 \uacbd\uc6b4\uad81\uc785\ub2c8\ub2e4. \uadf8 \uacf3\uc5d0\uc11c \uace0\uc885\uc740 \ub300\ud55c\uc81c\uad6d\uc744 \uc120\ud3ec\ud558\uac8c \ub429\ub2c8\ub2e4.\r\n\r\n\uc77c\uad6d\uc758 \uc655\uc774 \uc678\uad6d \ub300\uc0ac\uad00\uc5d0 \uc758\ud0c1\ud560\ub9cc\ud07c \uc870\uc120\uc758 \uc0c1\ud669\uc740 \uc88b\uc9c0 \ubabb\ud588\uc2b5\ub2c8\ub2e4. \uadf8\ub7fc \uad6d\ubbfc\ub4e4\uc740 \uc5b4\ub5bb\uac8c \uc9c0\ub0c8\uc744\uae4c\uc694?",
    "created_at": "2020-06-04T07:20:19.414",
    "updated_at": "2020-06-04T07:20:19.414"
  }
},
{
  "model": "travels.contentpage",
  "pk": 5,
  "fields": {
    "dest_content": 3,
    "image": "",
    "text": "\uc774\ud654\uc5ec\uace0\uac00 \ubcf4\uc774\uc2dc\ub098\uc694? \uc774 \uacf3\uc740 \ud55c\ubc18\ub3c4 \ucd5c\ucd08\uc758 \uc5ec\uc131 \uad50\uc721\uae30\uad00\uc785\ub2c8\ub2e4. 1897\ub144 \uace0\uc885 \ud669\uc81c\uac00 \uc774\ud654\ud559\ub2f9\uc774\ub77c\ub294 \uad50\uba85\uc744 \ucc3d\uc124\ud558\uace0, 1910\ub144 \ub300\ud559\uacfc\uac00 \ubd84\ub9ac\ub418\uc5b4 \uc2e0\ucd0c\uc73c\ub85c \uc774\uc804\ud558\uba70 \uc774\ud654\uc5ec\ub300\uac00 \ub41c \ud6c4 \ud604\uc7ac\uc640 \uac19\uc740 \uc774\ud654\uc5ec\uace0 - \uc774\ud654\uc5ec\ub300\uac00 \ub41c \uac83\uc774\uc8e0.",
    "created_at": "2020-06-04T07:20:55.133",
    "updated_at": "2020-06-08T23:12:49.386"
  }
},
{
  "model": "travels.contentpage",
  "pk": 6,
  "fields": {
    "dest_content": 3,
    "image": "",
    "text": "\ub3d9\ubb38\uc778 \uc720\uad00\uc21c \uc5f4\uc0ac\ub97c \ucd94\ubaa8\ud558\uba70 \uad50\ub0b4\uc5d0 \uc720\uad00\uc21c \uae30\ub150\uad00\uc744 \uac74\ub9bd\ud558\uace0, \uc9c0\uae08\ub3c4 3.1\uc808\uc774 \ub418\uba74 \ub9cc\uc138\ud589\uc9c4\uc744 \ud558\ub294 \ub4f1  \ud604\uc7ac\ub3c4 \uc774\ud654\ud559\ub2f9\uc758 \uc815\uc2e0\uc744 \uc774\uc5b4\uac00\uace0 \uc788\uc2b5\ub2c8\ub2e4.\r\n\r\n\uae38\uc744 \ub530\ub77c \ucb49 \ub0b4\ub824\uac00\ubcfc\uae4c\uc694?",
    "created_at": "2020-06-04T07:21:03.944",
    "updated_at": "2020-06-04T07:21:03.944"
  }
},
{
  "model": "travels.contentpage",
  "pk": 7,
  "fields": {
    "dest_content": 4,
    "image": "",
    "text": "\uace0\ud48d\uc2a4\ub7ec\uc6b4 \uac74\ubb3c \ud55c \ucc44, \ubcf4\uc774\uc2dc\ub098\uc694? \ubd89\uc740 \ubcbd\ub3cc\uacfc \ud770 \uc2ed\uc790\uac00\ud0d1\uc774 \ubcf4\uc778\ub2e4\uba74 \uc798 \ucc3e\uc544\uc624\uc168\uc2b5\ub2c8\ub2e4. \uc774 \uacf3\uc740 1885\ub144 \uc124\ub9bd\ub41c \ub300\ud55c \ucd5c\ucd08\uc758 \uac1c\uc2e0\uad50 \uad50\ud68c\uc778 \uc815\ub3d9\uad50\ud68c\uc785\ub2c8\ub2e4.",
    "created_at": "2020-06-04T07:21:43.606",
    "updated_at": "2020-06-04T07:21:43.606"
  }
},
{
  "model": "travels.contentpage",
  "pk": 8,
  "fields": {
    "dest_content": 4,
    "image": "",
    "text": "\uac1c\uc2e0\uad50\ub294 \ucc9c\uc8fc\uad50\ubcf4\ub2e4 \uc774 \ub545\uc5d0 \ub4e4\uc5b4\uc628 \uac8c 150\ub144\uc774\ub098 \ub2a6\uc9c0\ub9cc, \ub2f9\uc2dc \uc870\uc120 \ubbfc\uc911\ub4e4\uc5d0\uac8c \uac1c\uc2e0\uad50\uc758 \uc778\uae30\ub294 \ub9e4\uc6b0 \ub192\uc558\uc2b5\ub2c8\ub2e4. \uc815\ub3d9\uad50\ud68c\uac00 \uc124\ub9bd\ub41c \uc9c0 10\ub144\ub3c4 \ub418\uc9c0 \uc54a\uc544 \uad50\uc778\uc218\uac00 200\uba85\uc744 \ub118\uc5b4 \ud604\ub300\uc2dd \uc608\ubc30\ub2f9\uc744 \uc0c8\ub85c \uac74\ucd95\ud558\uac8c \ub418\uace0, \uadf8 \uc2e0\ucd95 \uac74\ubb3c\uc774 \ud604\uc7ac \ubcf4\uc2dc\ub294 \ubd89\uc740 \ubcbd\ub3cc\uc758 \uc608\ubc30\ub2f9\uc785\ub2c8\ub2e4. \uc774 \uac74\ubb3c\uc740 \uad6d\ub0b4\uc5d0\uc11c \uac00\uc7a5 \uc624\ub798 \ub41c \ube45\ud1a0\ub9ac\uc544\uc2dd \uc608\ubc30\ub2f9\uc774\uc790, \uc720\uc77c\ud558\uac8c \ub0a8\uc544\uc788\ub294 19\uc138\uae30 \uad50\ud68c\uac74\ubb3c\uc785\ub2c8\ub2e4.",
    "created_at": "2020-06-04T07:21:53.403",
    "updated_at": "2020-06-08T23:12:57.167"
  }
},
{
  "model": "travels.contentpage",
  "pk": 9,
  "fields": {
    "dest_content": 4,
    "image": "",
    "text": "\uc815\ub3d9\uad50\ud68c\ub294 1919\ub144 3.1\uc6b4\ub3d9 \ub2f9\uc2dc \uc804 \uad50\uc778\uc774 \ucc38\uac00\ud588\uace0, 5\ub300 \ub2f4\uc784\ubaa9\uc0ac \uc774\ud544\uc8fc \ubaa9\uc0ac\uc640 \ubc15\ub3d9\uc644 \uc7a5\ub85c\uac00 \ubbfc\uc871\ub300\ud45c 33\uc778\uc73c\ub85c \ucc38\uc5ec\ud588\uc2b5\ub2c8\ub2e4. \uc774 \uc678\uc5d0\ub3c4 \uad50\ud68c \uccad\ub144\ub4e4\uc774 \ube44\ubc00\ub9ac\uc5d0 \ub3c5\ub9bd\uc2e0\ubb38\uc744 \uc81c\uc791\ud558\ub294 \ub4f1 \ub3c5\ub9bd\uc6b4\ub3d9\uc5d0\ub3c4 \uc5ed\uc0ac\uac00 \uae4a\uc740 \uad50\ud68c\uc785\ub2c8\ub2e4.",
    "created_at": "2020-06-04T07:22:02.021",
    "updated_at": "2020-06-08T23:53:28.044"
  }
},
{
  "model": "travels.contentpage",
  "pk": 10,
  "fields": {
    "dest_content": 4,
    "image": "",
    "text": "\uc774\uc81c \uc7a5\uc18c\ub97c \uc62e\uaca8 \ub3c5\ub9bd\uc6b4\ub3d9\uc774 \uc77c\uc5b4\ub09c \uacf3\uc73c\ub85c \uac00\ubcfc\uae4c \ud569\ub2c8\ub2e4. \uc548\ub0b4\ub97c \ub530\ub77c \ub2e4\uc74c \ubaa9\uc801\uc9c0\ub85c \uac00\ubcfc\uae4c\uc694?",
    "created_at": "2020-06-04T07:22:12.388",
    "updated_at": "2020-06-04T07:22:30.884"
  }
},
{
  "model": "travels.contentpage",
  "pk": 11,
  "fields": {
    "dest_content": 5,
    "image": "",
    "text": "\ud0d1\uace8\uacf5\uc6d0\uc774 \ubcf4\uc778\ub2e4\uba74 \uc548\ucabd\uc73c\ub85c \ubc14\ub85c \ub4e4\uc5b4\uac00\ubcfc\uae4c\uc694?",
    "created_at": "2020-06-04T07:23:38.217",
    "updated_at": "2020-06-04T07:23:38.217"
  }
},
{
  "model": "travels.contentpage",
  "pk": 12,
  "fields": {
    "dest_content": 5,
    "image": "",
    "text": "\uc785\uad6c \ubc14\ub85c \uc55e\uc5d0\ub294 3.1\uc6b4\ub3d9\uc758 \ubbfc\uc871\ub300\ud45c \uc911 \ud55c \uba85\uc778 \uc190\ubcd1\ud76c \uc120\uc0dd\uc758 \ub3d9\uc0c1\uc774 \uc788\uc2b5\ub2c8\ub2e4. \ub3d9\uc0c1\uc5d0\uc11c \uc54c \uc218 \uc788\ub4ef\uc774, \uc774 \uacf3\uc5d0\uc11c \uc0ac\ub78c\ub4e4\uc740 \ub3c5\ub9bd\uc120\uc5b8\uc11c\ub97c \ub4e3\uace0 3.1\uc6b4\ub3d9\uc5d0 \ub098\uc130\uc2b5\ub2c8\ub2e4. \uadf8 \uc2dc\uc791\uc744 \ub290\ub07c\uae30 \uc704\ud574 \uacf5\uc6d0 \uc911\uc559\uc758 \ud314\uac01\uc815\uc73c\ub85c \uac00\ubcf4\uaca0\uc2b5\ub2c8\ub2e4.",
    "created_at": "2020-06-04T07:23:47.835",
    "updated_at": "2020-06-04T07:23:47.835"
  }
},
{
  "model": "travels.contentpage",
  "pk": 13,
  "fields": {
    "dest_content": 6,
    "image": "",
    "text": "\ud314\uac01\uc815\uc774 \ubcf4\uc774\uc2dc\ub098\uc694? \uc774 \uacf3\uc5d0\uc11c \uc815\uc7ac\uc6a9 \ud559\uc0dd\ub300\ud45c\uac00 \ub3c5\ub9bd\uc120\uc5b8\uc11c\ub97c \ub0ad\ub3c5\ud55c \uac83\uc774 \uc804\uad6d\uc73c\ub85c \ubc88\uc838 \ubbfc\uc871 \ucd5c\ub300 \ub3c5\ub9bd\uc6b4\ub3d9\uc73c\ub85c \ubc88\uc838\ub098\uac14\uc2b5\ub2c8\ub2e4.",
    "created_at": "2020-06-04T07:24:21.491",
    "updated_at": "2020-06-09T00:04:37.578"
  }
},
{
  "model": "travels.contentpage",
  "pk": 14,
  "fields": {
    "dest_content": 6,
    "image": "",
    "text": "1919\ub144 3\uc6d4 1\uc77c, \uace0\uc885\uc758 \uc778\uc0b0\uc77c(\uc7a5\ub840\uc77c)\uc5d0 \ub9de\ucdb0 \uc885\ub85c\uc5d0\ub294 \uc5c4\uccad\ub09c \uc778\ud30c\uac00 \ubaa8\uc5ec\uc788\uc5c8\uc2b5\ub2c8\ub2e4. \uadf8 \ub54c, \uc774 \uacf3\uc5d0\uc11c \uc815\uc7ac\uc6a9 \ud559\uc0dd\ub300\ud45c\ub294 \uc774 \ud314\uac01\uc815\uc5d0\uc11c \ub3c5\ub9bd\uc120\uc5b8\uc11c\ub97c \ub0ad\ub3c5\ud569\ub2c8\ub2e4. \ud0dc\uadf9\uae30\ub97c \ud718\ub0a0\ub9ac\uba70 \ub9cc\uc138\ub97c \uc678\uce58\ub358 \uad70\uc911\ub4e4\uc740 \uc804\uad6d\uc73c\ub85c \ud37c\uc838\ub098\uac14\uace0, \uc774\ub294 \ubbfc\uc871 \ucd5c\ub300\uc758 \ube44\ud3ed\ub825 \uc800\ud56d\uc6b4\ub3d9\uc73c\ub85c \uc5ed\uc0ac\uc5d0 \uae30\ub85d\ub429\ub2c8\ub2e4.",
    "created_at": "2020-06-04T07:24:30.754",
    "updated_at": "2020-06-04T07:24:30.754"
  }
},
{
  "model": "travels.contentpage",
  "pk": 15,
  "fields": {
    "dest_content": 6,
    "image": "",
    "text": "\uc774 \uacf3 \ubfd0\ub9cc \uc544\ub2c8\ub77c \uc774 \uacf3 \uc885\ub85c\ub294 3.1\uc6b4\ub3d9\uc758 \uc131\uc9c0\uc640\ub3c4 \uac19\uc2b5\ub2c8\ub2e4. \ubbfc\uc871 \ub300\ud45c\uac00 \ubaa8\uc5ec\uc788\ub358 \ud0dc\ud654\uad00, \ubcf4\uc2e0\uac01, \ub355\uc218\uad81 \ub300\ud55c\ubb38 \ub4f1 \uae30\ub150\ube44\ub97c \uc138\uc6cc \uae30\ub150\ud558\uac70\ub098 \uadf8\ub807\uc9c0 \uc54a\ub354\ub77c\ub3c4 \uc758\ubbf8\uac00 \uae4a\uc740 \uc7a5\uc18c\ub4e4\uc774 \ub3c4\uc2ec \uacf3\uacf3\uc5d0 \uc228\uc5b4\uc788\uc2b5\ub2c8\ub2e4. \ud14c\ub9c8\uc5d0\ub294 \ud3ec\ud568\ub418\uc5b4 \uc788\uc9c0 \uc54a\ub294 \uacf3\ub3c4 \ub9ce\uc73c\ub2c8, \ub458\ub7ec\ubcf4\uc2dc\ub294\uac83\ub3c4 \uc88b\uaca0\ub124\uc694!",
    "created_at": "2020-06-04T07:24:46.794",
    "updated_at": "2020-06-09T00:06:12.592"
  }
},
{
  "model": "travels.contentpage",
  "pk": 16,
  "fields": {
    "dest_content": 6,
    "image": "",
    "text": "\uc774\uc81c \ub9c8\uc9c0\ub9c9 \uc7a5\uc18c\ub85c \uc774\ub3d9\ud574\ubcf4\uaca0\uc2b5\ub2c8\ub2e4. \uc548\ub0b4\ub97c \ub530\ub77c \ub9c8\uc9c0\ub9c9 \uc7a5\uc18c\ub85c \uac00\ubcfc\uae4c\uc694?",
    "created_at": "2020-06-04T07:25:04.885",
    "updated_at": "2020-06-04T07:25:04.885"
  }
},
{
  "model": "travels.contentpage",
  "pk": 17,
  "fields": {
    "dest_content": 7,
    "image": "",
    "text": "\ubbfc\uc871 \ud0c4\uc555\uc758 \ud754\uc801, \uc11c\ub300\ubb38\ud615\ubb34\uc18c\uc785\ub2c8\ub2e4. 1908\ub144 \uc758\ubcd1\ud0c4\uc555\uc744 \uc704\ud574 \uc124\ub9bd\ub41c \uacbd\uc131\uac10\uc625\uc774 1923\ub144 \uc11c\ub300\ubb38\ud615\ubb34\uc18c\ub77c \uac1c\uce6d\ub418\uc5c8\uc2b5\ub2c8\ub2e4. 1987\ub144 \uad50\ub3c4\uc18c \uc2dc\uc124\uc740 \uacbd\uae30\ub3c4 \uc758\uc655\uc2dc\uc73c\ub85c \uc62e\uaca8\uac00\uace0 \uac74\ubb3c \uc77c\ubd80\ub97c \uc5ed\uc0ac\uad00\uc73c\ub85c \uc6b4\uc601\uc911\uc785\ub2c8\ub2e4.",
    "created_at": "2020-06-04T07:25:50.195",
    "updated_at": "2020-06-04T07:25:50.195"
  }
},
{
  "model": "travels.contentpage",
  "pk": 18,
  "fields": {
    "dest_content": 7,
    "image": "",
    "text": "\uc0c8\ub85c \uac1c\uad00\ud55c \uc5ed\uc0ac\uad00 \ub0b4\ubd80\uc5d0\ub294 \uc625\uc0ac, \uc0ac\ud615\uc7a5, \ub9dd\ub8e8\uc640 \uc2dc\uad6c\ubb38 \ub4f1\uc774 \uc6d0\ud615\ud0dc\ub85c \ubcf5\uc6d0\ub418\uc5b4 \uc788\uc2b5\ub2c8\ub2e4. \uc9c0\ud558\uc758 \uc5ec\uc131\uac10\uc625, \uc0ac\ud615\uc7a5, 1\uc778 \uac10\uc625\ub4e4\uc740 \uadf8\ub300\ub85c \ub0a8\uc544\uc788\uc2b5\ub2c8\ub2e4. \ud55c\ubc88 \ub4e4\uc5b4\uac00\ubcfc\uae4c\uc694?",
    "created_at": "2020-06-04T07:26:08.029",
    "updated_at": "2020-06-04T07:26:08.029"
  }
},
{
  "model": "travels.contentpage",
  "pk": 19,
  "fields": {
    "dest_content": 7,
    "image": "",
    "text": "\ub458\ub7ec\ubcf8 \uc18c\uac10\uc740 \uc5b4\ub5a0\uc2e0\uac00\uc694? \r\n\ud56d\uc0c1 \ubb34\uc2ec\ucf54 \uc9c0\ub098\uce58\uc9c0\ub9cc \uc5ed\uc0ac\uc758 \ud55c \uc7a5\uba74\uc774\uc5c8\ub358 \uc7a5\uc18c\ub4e4\uacfc \uadf8 \uc758\ubbf8\ub97c \uc18c\uac1c\ud574\ub4dc\ub9ac\uace0\uc790 \ud588\uc2b5\ub2c8\ub2e4. \ub2e4\uc18c \uac00\uc2b4 \uc544\ud508 \uc5ed\uc0ac\ub3c4 \ud568\uaed8 \uc788\uc9c0\ub9cc, \uc774 \ub610\ud55c \uc788\ub294 \uadf8\ub300\ub85c \ubc1b\uc544\ub4e4\uc774\ub294 \uac83\uc774 \uc5ed\uc0ac\ub97c \ub300\ud558\ub294 \uc790\uc138\uac00 \uc544\ub2d0\uae4c \uc0dd\uac01\ud569\ub2c8\ub2e4. \uac10\uc0ac\ud569\ub2c8\ub2e4!",
    "created_at": "2020-06-04T07:26:21.387",
    "updated_at": "2020-06-09T00:21:30.686"
  }
},
{
  "model": "travels.contentpage",
  "pk": 21,
  "fields": {
    "dest_content": 1,
    "image": "",
    "text": "../../assets/1-1.jpg",
    "created_at": "2020-06-04T16:18:09.278",
    "updated_at": "2020-06-04T16:18:09.278"
  }
},
{
  "model": "travels.contentpage",
  "pk": 22,
  "fields": {
    "dest_content": 1,
    "image": "content/\ub355\uc218\uad81_\ub3cc\ub2f4\uae38.jpg",
    "text": "\uace0\uc885\uc774 \uac78\uc5c8\ub358 \uc774 \uae38, \ud568\uaed8 \uac78\uc5b4\ubcfc\uae4c\uc694?",
    "created_at": "2020-06-08T21:52:06.648",
    "updated_at": "2020-06-08T23:39:10.634"
  }
},
{
  "model": "travels.contentpage",
  "pk": 23,
  "fields": {
    "dest_content": 2,
    "image": "content/\ub7ec\uc2dc\uc544_\uacf5\uc0ac\uad00_1.jpg",
    "text": "1905\ub144 \ubbf8\uad6d\uc758 \uc7a1\uc9c0 \ud558\ud37c\uc2a4 \uc704\ud074\ub9ac\uc5d0 \uc2e4\ub9b0 \uadf8\ub9bc\uc785\ub2c8\ub2e4. \uc77c\ubcf8\uacfc \ub7ec\uc2dc\uc544 \uc0ac\uc774\uc5d0\uc11c \uace0\ud1b5\ubc1b\ub294 \uc870\uc120\uc744 \ud48d\uc790\ud558\uace0 \uc788\ub124\uc694.",
    "created_at": "2020-06-08T23:21:48.904",
    "updated_at": "2020-06-08T23:40:50.271"
  }
},
{
  "model": "travels.contentpage",
  "pk": 24,
  "fields": {
    "dest_content": 3,
    "image": "content/\uc774\ud654\ud559\ub2f9_1.jpg",
    "text": "\uc774\ud654\ud559\ub2f9\uc5d0\uc11c \uc218\uc5c5\uc744 \ub4e3\uace0 \uc788\ub294 \ud559\uc0dd\ub4e4\uc785\ub2c8\ub2e4. \uad6c\ud55c\ub9d0\uc5d0\ub294 \ubbfc\uac04, \uc815\ubd80, \uc120\uad50\uc0ac \uc9d1\ub2e8\uc774 \uc8fc\ucd95\uc774 \ub418\uc5b4 \ub9ce\uc740 \uadfc\ub300\uc2dd \ud559\uad50\uac00 \uc138\uc6cc\uc9d1\ub2c8\ub2e4.",
    "created_at": "2020-06-08T23:27:15.192",
    "updated_at": "2020-06-08T23:46:00.211"
  }
},
{
  "model": "travels.contentpage",
  "pk": 25,
  "fields": {
    "dest_content": 3,
    "image": "content/\uc774\ud654\uc5ec\uace0_2.jpg",
    "text": "2019\ub144 3.1\uc808\uc758 \uc774\ud654\uc5ec\uace0 \ud559\uc0dd\ub4e4\uc785\ub2c8\ub2e4. \uc720\uad00\uc21c \uc120\ubc30\uc758 \uc758\uc9c0\ub97c \uc774\uc5b4\ubc1b\uc544 \ub9cc\uc138\uc6b4\ub3d9\uc744 \ud558\uace0 \uc788\ub124\uc694.",
    "created_at": "2020-06-08T23:48:41.073",
    "updated_at": "2020-06-08T23:48:41.073"
  }
},
{
  "model": "travels.contentpage",
  "pk": 26,
  "fields": {
    "dest_content": 4,
    "image": "content/\uc815\ub3d9\uad50\ud68c_1.png",
    "text": "",
    "created_at": "2020-06-08T23:51:08.448",
    "updated_at": "2020-06-08T23:51:43.496"
  }
},
{
  "model": "travels.contentpage",
  "pk": 27,
  "fields": {
    "dest_content": 5,
    "image": "content/\ud0d1\uace8\uacf5\uc6d0_1.jpg",
    "text": "\uc5f0\ub3c4\ubbf8\uc0c1\uc758 3.1\uc808 \ud589\uc0ac \uc0ac\uc9c4\uc785\ub2c8\ub2e4. \ub2f9\uc2dc\uc5d0\ub3c4 \uc774\ub807\uac8c \uc218\ub9ce\uc740 \uc778\ud30c\uac00 \ubaa8\uc5ec\uc788\uc5c8\uace0, \uc5ec\uae30\uc11c \uc2dc\uc791\ub41c \ub9cc\uc138\uc6b4\ub3d9\uc740 \uc804\uad6d\uc801\uc778 \ub9cc\uc138\uc6b4\ub3d9\uc758 \uc2dc\ubc1c\uc810\uc774 \ub418\uc5c8\uc2b5\ub2c8\ub2e4.",
    "created_at": "2020-06-09T00:00:12.166",
    "updated_at": "2020-06-09T00:00:12.166"
  }
},
{
  "model": "travels.contentpage",
  "pk": 28,
  "fields": {
    "dest_content": 5,
    "image": "content/\ud0d1\uace8\uacf5\uc6d0_2.jpg",
    "text": "\ud0d1\uace8\uacf5\uc6d0\uc758 \uc785\uad6c \uc0bc\uc77c\ubb38\uc785\ub2c8\ub2e4. \uc774\ub984\uc758 \uc758\ubbf8\uac00 \uc9d0\uc791\uc774 \uac00\uc2dc\ub098\uc694?",
    "created_at": "2020-06-09T00:02:16.235",
    "updated_at": "2020-06-09T00:02:16.235"
  }
},
{
  "model": "travels.contentpage",
  "pk": 29,
  "fields": {
    "dest_content": 7,
    "image": "content/\uc11c\ub300\ubb38\ud615\ubb34\uc18c_1.jpg",
    "text": "",
    "created_at": "2020-06-09T00:13:20.821",
    "updated_at": "2020-06-09T00:13:20.821"
  }
},
{
  "model": "travels.contentpage",
  "pk": 30,
  "fields": {
    "dest_content": 8,
    "image": "",
    "text": "\uc2dc\ub808\uae30\uac00 \ub9ce\uace0 \uc9c4\ud55c\uad6d\ubb3c\uc758 \uae30\ubcf8 \uac10\uc790\ud0d5\uc774\uc5d0\uc694, \uc2dc\ub808\uae30\uac00 \ud479~ \uace0\uc544\uc838\uc11c \uc544\uc8fc \ub9db\uc788\uc5b4\uc694.",
    "created_at": "2020-06-08T14:23:58.374",
    "updated_at": "2020-06-09T00:48:31.593"
  }
},
{
  "model": "travels.contentpage",
  "pk": 31,
  "fields": {
    "dest_content": 8,
    "image": "",
    "text": "\uae4d\ub450\uae30\ub3c4 \ub9db\uc788\ub294 \uc9d1\uc774\ub2c8\uae4c \uaf2d \uba39\uc5b4\ubcf4\uc138\uc694. \uc2dd\ub2f9 \ub0b4\uc5d0\uc11c \ud754\uce58 \uc54a\uac8c \ucc9c\uc5f0\uc0ac\uc774\ub2e4\ub3c4 \ud314\uace0 \uc788\uc5b4\uc694.",
    "created_at": "2020-06-08T14:24:57.056",
    "updated_at": "2020-06-09T00:48:40.663"
  }
},
{
  "model": "travels.contentpage",
  "pk": 32,
  "fields": {
    "dest_content": 15,
    "image": "",
    "text": "\uae30\ubcf8 \uba54\ub274\uc5d0 \ub545\ucf69\uc774 \uc62c\ub77c\uac00\ub2c8 \uc2eb\uc5b4\ud558\ub294\uc0ac\ub78c\ub4e4\uc740 \uaf2d \uc8fc\ubb38\uc2dc \ube7c\ub2ec\ub77c\uace0 \ud574\uc57c\ud574\uc694.",
    "created_at": "2020-06-08T14:25:28.383",
    "updated_at": "2020-06-09T00:49:08.675"
  }
},
{
  "model": "travels.contentpage",
  "pk": 33,
  "fields": {
    "dest_content": 15,
    "image": "",
    "text": "\uac1c\uc778\uc801\uc73c\ub85c \ucd94\ucc9c \uba54\ub274\ub294 ? \r\n\ud31f\ud0c0\uc774, \ud31f\uce74\ud30c\uc624\ubb34\uc309, \uce74\uc774\ub8e9 \ucee4\uc774 (2\uc778 \uae30\uc900)",
    "created_at": "2020-06-08T14:25:47.312",
    "updated_at": "2020-06-09T00:49:18.168"
  }
},
{
  "model": "travels.contentpage",
  "pk": 34,
  "fields": {
    "dest_content": 16,
    "image": "",
    "text": "8500\uc6d0 \uc5b4\uce58\uc758 \uad6d\ubc25\uce58\uace0 \uac00\uc131\ube44\uac00 \uc815\ub9d0 \uc88b\uc740 \ub9db, \uc624\uac8c\ub418\uba74 \uaf2d \uc721\uc0ac\uc2dc\ubbf8\ub3c4 \uba39\uc5b4\ubd10\uc57c\ud574\uc694.\r\n\ub2e8, \uc790\uadf9\uc801\uc778 \ub9db\uc744 \ub354 \uc120\ud638\ud558\uc2dc\ub294 \ubd84\uc774\uc2dc\ub77c\uba74 \uc721\ud68c\ub97c \ucd94\ucc9c\ub4dc\ub824\uc694.",
    "created_at": "2020-06-08T14:26:29.262",
    "updated_at": "2020-06-09T00:49:28.137"
  }
},
{
  "model": "travels.contentpage",
  "pk": 35,
  "fields": {
    "dest_content": 16,
    "image": "",
    "text": "\uba38\ub9bf\uace0\uae30\uc218\uc721\uc740 \ucac0\ub4dd\ucac0\ub4dd\ud558\uace0 \ub0b4\uc7a5\ud0d5\ub3c4 \uad6d\ubc25 \ubabb\uc9c0\uc54a\uc740 \uc778\uae30\uc758 \uba54\ub274\uc5d0\uc694. \ub9e4\uc6b4 \uac08\ube44\ucc1c\uc774 \uba54\ub274\uc5d0 \uc788\uc9c0\ub9cc \uc804\ud600 \ub9f5\uc9c0 \uc54a\uace0 \uae40\uce58\ub85c \ub9e4\uc6b4\ub9db\uc744 \ub0b8 \uba54\ub274\uac00 \uc544\ub2c8\uae30 \ub54c\ubb38\uc5d0 \uc815\ub9d0 \ub9db\uc788\uc5b4\uc694.",
    "created_at": "2020-06-08T14:26:38.621",
    "updated_at": "2020-06-09T00:49:41.437"
  }
},
{
  "model": "travels.contentpage",
  "pk": 36,
  "fields": {
    "dest_content": 16,
    "image": "",
    "text": "\ud63c\uc790 \uc624\uac8c \ub41c\ub2e4\uba74 \uae30\ubcf8 \uad6d\ubc25 + \uc721\uc0ac\uc2dc\ubbf8 \u5c0f \ucd94\ucc9c \ub4dc\ub824\uc694. 2\uc778\uc5d0\uc11c \uc628\ub2e4\uba74  + \ub9e4\uc6b4\uac08\ube44\ucc1c",
    "created_at": "2020-06-08T14:26:58.739",
    "updated_at": "2020-06-09T00:50:06.311"
  }
},
{
  "model": "travels.contentpage",
  "pk": 37,
  "fields": {
    "dest_content": 17,
    "image": "",
    "text": "\ud30c\uac00 \uac00\ub4dd \ub4e4\uc5b4\uac04 \uc721\uac1c\uc7a5, \ubb3c\ub860 \uace0\uae30\ub3c4 \ub4e4\uc5b4\uc788\uc5b4\uc694. (\ud30c\uac1c\uc7a5)",
    "created_at": "2020-06-08T14:27:10.707",
    "updated_at": "2020-06-09T00:50:20.355"
  }
},
{
  "model": "travels.contentpage",
  "pk": 38,
  "fields": {
    "dest_content": 17,
    "image": "\uba85\ub791\uc2dd\ub2f9.jpeg",
    "text": "\ubcf8\uc810\uc740 \ub178\uc778\ubd80\ubd80\uac00 \ud558\ub294 \uacf3\uc774\ub77c \ubb38\uc5ec\ub294 \uc2dc\uac04\uc774 \ud55c\uc815\uc801\uc774\uace0 \ube68\ub9ac \ubb38\uc744 \ub2eb\uae30 \ub54c\ubb38\uc5d0 \ubcf8\uc810(\uc0bc\uc131\ub3d9)\uc774 \ub2eb\ud600 \uc788\uc744\uc2dc\uc5d0\ub294 \uc6d4\ud3c9\ub3d9\uc5d0 \uac00\uba74 \uac00\ub9f9\uc810\uc774 \uc788\uc5b4\uc694.  *\uc544\ub798\uc758 \uc0ac\uc9c4\uc740 \uba85\ub791\uc2dd\ub2f9 \ubcf8\uc810\r\n(\ub2e8, \ub180\uac70\ub9ac \uadfc\ucc98\uc5d0\uc11c \ubc25\uc744 \uba39\uae30 \uc704\ud574\uc11c\ub294 \uc6d4\ud3c9\ub3d9 \uac00\ub9f9\uc810\uc774 \uc2dc\uac04\uc0c1 \uc88b\uc74c)",
    "created_at": "2020-06-08T14:28:00.924",
    "updated_at": "2020-06-09T00:53:31.041"
  }
},
{
  "model": "travels.contentpage",
  "pk": 39,
  "fields": {
    "dest_content": 17,
    "image": "",
    "text": "\ud30c\uac00 \uc801\ub2f9\ud788 \ud750\ubb3c\ud574\uc9c8\ub54c \uae4c\uc9c0 \uace0\uc544\uc11c \uc6b0\ub824\ub0b8 \uad6d\ubb3c\uc740 \uc815\ub9d0 \ub9db\uc788\uc5b4\uc694. \ud55c\ubc88 \uba39\uc73c\uba74 \ub610 \uc0dd\uac01\ub098\ub294 \ub9db\uc774\uc5d0\uc694.",
    "created_at": "2020-06-08T14:28:52.314",
    "updated_at": "2020-06-09T00:50:52.495"
  }
},
{
  "model": "travels.contentpage",
  "pk": 40,
  "fields": {
    "dest_content": 17,
    "image": "",
    "text": "\uc6d4\ud3c9\ub3d9\uc5d0 \ub300\uc804\uc758 \uba54\uac00\ubc15\uc2a4\uc640 CGV\uac00 \ubab0\ub824\uc788\uae30 \ub54c\ubb38\uc5d0 \uc601\ud654 \ud55c\ud3b8\ubcf4\uae30 \uc88b\uc740 \uc704\uce58\uc5d0 \uc788\uc5b4\uc694. \ub610, \ud648\ud50c\ub7ec\uc2a4 \ud2b8\ub808\uc774\ub354\uc2a4\uac00 \uc704\uce58\ud574\uc11c \uc1fc\ud551\uc73c\ub85c \uc2dc\uac04\uc744 \ub5bc\uc6b0\uae30\ub3c4 \uc88b\uc544\uc694.",
    "created_at": "2020-06-08T14:29:05.917",
    "updated_at": "2020-06-09T00:51:02.647"
  }
},
{
  "model": "travels.contentpage",
  "pk": 41,
  "fields": {
    "dest_content": 18,
    "image": "",
    "text": "\uac08\ub9c8\ucd08\ub4f1\ud559\uad50 \uadfc\ucc98\uc5d0 \uc704\uce58\ud574\uc788\ub294 \uc9c4\ud55c \uc0ac\uace8\uc721\uc218\uc758 \uc9ec\ubf55\uc774\uc5d0\uc694. \ub454\uc0b0\ub3d9\uc5d0\uc11c \ub454\uc0b0\uc5ec\uace0 \ubc29\ud5a5\uc73c\ub85c \uc870\uae08\ub9cc \uac78\uc5b4\uc624\uba74 (\uc57d 20\ubd84) \ubcfc \uc218 \uc788\ub294 \uc9d1\uc774\uc5d0\uc694.",
    "created_at": "2020-06-08T19:42:16.622",
    "updated_at": "2020-06-09T00:51:20.193"
  }
},
{
  "model": "travels.contentpage",
  "pk": 42,
  "fields": {
    "dest_content": 18,
    "image": "",
    "text": "\uc9c4\ud55c \uc0ac\uace8\uc721\uc218\uc5d0 \ub9e4\ucf64\ud55c \uc9ec\ubf55\uc758 \ub9db\uc744 \ub0c8\uc9c0\ub9cc \uae30\ubcf8 \ub9db\uc740 \ub9e4\uc6b4\uac83\uc744 \uc798 \uba39\uc9c0 \ubabb\ud558\ub294 \uc0ac\ub78c\ub3c4 \ub9db\uc788\uac8c \uba39\uc5b4\uc694. \ub9e4\uc6b4 \ub9db\uc740 \ub530\ub85c \uba54\ub274\ud310\uc5d0 \uc788\uc5b4\uc694.",
    "created_at": "2020-06-08T19:43:19.140",
    "updated_at": "2020-06-09T00:51:29.225"
  }
},
{
  "model": "travels.contentpage",
  "pk": 43,
  "fields": {
    "dest_content": 18,
    "image": "\uac08\ub9c8\uc9ec\ubf55.JPG",
    "text": "2\uc778\uc5d0\uc11c \uc9ec\ubf55 \uacf1\ubc30\uae30 + \uc0ac\ucc9c \ud0d5\uc218\uc721(\ucc39\uc300 \ud0d5\uc218\uc721) \uc744 \ucd94\ucc9c, \uadf8\ub9ac\uace0 \ub0a8\uc740 \uad6d\ubb3c\uc5d0 \ubc25\uc744 \ub9d0\uc544\uba39\uc5b4\uc57c \uc644\uc9ec\uc744 \ud588\ub2e4\uace0 \ub9d0\ud560\uc218 \uc788\uc5b4\uc694.",
    "created_at": "2020-06-08T19:44:05.022",
    "updated_at": "2020-06-09T00:53:55.566"
  }
},
{
  "model": "travels.contentpage",
  "pk": 44,
  "fields": {
    "dest_content": 18,
    "image": "",
    "text": "\ub454\uc0b0\ub3d9\uacfc \uac00\uae5d\uae30 \ub54c\ubb38\uc5d0 \uc800\ub141\uc5d0 \ud38d, \uc637\uac00\uac8c \ub4f1 \uc9d1\uc911\ub41c \uc0c1\uad8c\uc5d0\uc11c \ub180 \uc218 \uc788\uc5b4\uc694.",
    "created_at": "2020-06-08T20:00:19.870",
    "updated_at": "2020-06-09T00:51:45.269"
  }
},
{
  "model": "travels.contentpage",
  "pk": 45,
  "fields": {
    "dest_content": 19,
    "image": "",
    "text": "\uc800\ub834\ud55c \uac00\uaca9 6,000\uc6d0 \uc774\uc5c8\uc9c0\ub9cc, \ubb3c\uac00\uc0c1\uc2b9\uc73c\ub85c \uc778\ud55c 7,000\uc6d0\uc73c\ub85c \uc0c1\uc2b9",
    "created_at": "2020-06-08T20:22:16.925",
    "updated_at": "2020-06-09T00:52:57.688"
  }
},
{
  "model": "travels.contentpage",
  "pk": 46,
  "fields": {
    "dest_content": 19,
    "image": "",
    "text": "\uc778\uc0b0\uc778\ud574\ub97c \uc774\ub8e8\uc5b4\uc11c \ubc88\ud638\ud45c\ub97c \ubf51\uc544\uc11c \uae30\ub2e4\ub824\uc57c \ud560 \uc815\ub3c4.",
    "created_at": "2020-06-08T20:22:22.588",
    "updated_at": "2020-06-09T00:53:05.315"
  }
},
{
  "model": "travels.contentpage",
  "pk": 47,
  "fields": {
    "dest_content": 19,
    "image": "",
    "text": "\uc2e0\uc120\ud55c \ubb3c\ucd1d\uc870\uac1c\ub97c \uadf8\ub300\ub85c \ub9db \ubcfc \uc218 \uc788\ub294 \ub9db\uc9d1",
    "created_at": "2020-06-08T20:22:29.711",
    "updated_at": "2020-06-09T00:54:14.024"
  }
},
{
  "model": "travels.contentpage",
  "pk": 48,
  "fields": {
    "dest_content": 19,
    "image": "",
    "text": "\uae40\uce58\uac00 \ub9e4\uc6b4 \uac74 \uc774 \uc9d1\ub9cc\uc758 \uc7a5\uc810!",
    "created_at": "2020-06-08T20:22:41.128",
    "updated_at": "2020-06-09T00:54:23.465"
  }
},
{
  "model": "travels.contentpage",
  "pk": 49,
  "fields": {
    "dest_content": 19,
    "image": "",
    "text": "\ubc18\uc8fc\uc640 \uc800\ub834\ud55c \uac00\uaca9\uc73c\ub85c \uac04\ub2e8\ud55c \ud68c\uc2dd\ud558\uae30\uc5d0 \uc548\uc131\ub9de\ucda4!",
    "created_at": "2020-06-08T20:22:54.613",
    "updated_at": "2020-06-09T00:54:33.666"
  }
},
{
  "model": "travels.contentpage",
  "pk": 50,
  "fields": {
    "dest_content": 19,
    "image": "",
    "text": "\uc870\uac1c \uce7c\uad6d\uc218\uc758 \ub2e8\uc810\uc774 \ubaa8\ub798\uac00 \uc539\ud78c\ub2e4\ub294 \uac83\uc778\ub370, \uc774 \uc9d1\uc740 \ud574\uac10\uc744 \uc798\ud574\uc11c \uadf8\ub7f0\uac00 \ubaa8\ub798\uac00 \ub9ce\uc774 \uc539\ud788\uc9c0 \uc54a\ub294 \ud3b8.",
    "created_at": "2020-06-08T20:23:00.300",
    "updated_at": "2020-06-09T00:54:42.360"
  }
},
{
  "model": "travels.contentpage",
  "pk": 51,
  "fields": {
    "dest_content": 9,
    "image": "",
    "text": "\uc6d0\uc8fc\ub808\uc77c\ud30c\ud06c \uc778\uadfc\uc5d0 \uc704\uce58\ud558\uace0 \uc788\uc73c\uba70 \uc785\uc7a5\ub8cc\uac00 \uc788\uc5b4\uc694!",
    "created_at": "2020-06-08T20:23:10.699",
    "updated_at": "2020-06-09T00:55:07.209"
  }
},
{
  "model": "travels.contentpage",
  "pk": 52,
  "fields": {
    "dest_content": 9,
    "image": "",
    "text": "\uc0b0\uc545\ubcf4\ub3c4\uad50 \uc911 \uad6d\ub0b4 \ucd5c\uc7a5\u00b7\ucd5c\uace0 \uaddc\ubaa8(\ub192\uc774 100m, \uae38\uc774 200m, \ud3ed 1.5m) \ub85c, \uad50\ub7c9\ubc14\ub2e5\uc740 \uc774\uc6a9\uac1d\ub4e4\uc5d0\uac8c \uc9dc\ub9bf\ud568\uacfc \uc544\ucc14\ud568\uc744 \ub3d9\uc2dc\uc5d0 \ub290\ub07c\ub3c4\ub85d \uc2a4\ud2f8\uadf8\ub808\uc774\ud305\uc73c\ub85c \ud2b9\uc218 \uc81c\uc791\ub418\uc5c8\ub2e4\uace0 \ud558\ub124\uc694~",
    "created_at": "2020-06-08T20:23:18.966",
    "updated_at": "2020-06-09T00:56:07.480"
  }
},
{
  "model": "travels.contentpage",
  "pk": 53,
  "fields": {
    "dest_content": 9,
    "image": "",
    "text": "\ubc14\ub2e5\uc744 \ub0b4\ub824\ub2e4 \ubcfc \ub54c\uc758 \uc544\ucc14\ud568\uacfc \uc2a4\ub9b4\uc744 \uc628\ubab8\uc73c\ub85c \ub290\ub084 \uc218 \uc788\ub3c4\ub85d 100m \uc808\ubcbd \uc704\uc5d0 \uae38\uc774 12m\uc758 \uc2a4\uce74\uc774\uc6cc\ud06c\ub97c \uc124\uce58\ud588\ub2e4\uace0 \ud569\ub2c8\ub2e4! (\uc544\ucc14!)",
    "created_at": "2020-06-08T20:23:24.207",
    "updated_at": "2020-06-09T00:56:29.483"
  }
},
{
  "model": "travels.contentpage",
  "pk": 54,
  "fields": {
    "dest_content": 10,
    "image": "",
    "text": "\ubba4\uc9c0\uc5c4 \uc0b0\uc740 \uc0b0\uc18d\uc5d0 \uac10\ucdb0\uc9c4 \ub178\ucd9c \ucf58\ud06c\ub9ac\ud2b8\uc758 \uac04\uacb0\ud55c \uac74\ucd95\ubb3c\uc758 \ub300\uac00 '\uc548\ub3c4 \ub2e4\ub2e4\uc624'\uc758 \uc124\uacc4\ub85c \uacf5\uc0ac\ub97c \uc2dc\uc791\ud558\uc5ec \ube5b\uacfc \uacf5\uac04\uc758 \uc608\uc220\uacfc '\uc81c\uc784\uc2a4 \ud130\ub810'\uc758 \uc791\ud488\uc744 \ub9c8\uc9c0\ub9c9\uc73c\ub85c 2013\ub144 \uac1c\uad00\ud588\uc5b4\uc694. \uc6d0\uc8fc\uc5d0\uc11c \uace8\ud504\uc640 \uc2a4\ud0a4 \ub4f1\uc744 \uc990\uae38 \uc218 \uc788\ub294 \uc624\ud06c\ubc38\ub9ac\ub9ac\uc870\ud2b8\uc5d0\uc11c \ub9cc\ub098\ubcfc \uc218 \uc788\ub2f5\ub2c8\ub2e4~ \uadf8\ub807\uc9c0\ub9cc \uc785\uc7a5\ub8cc\uac00 \uc800\ub834\ud55c \ud3b8\uc740 \uc544\ub2c8\uc5d0\uc694..(\uc870\uac74\uc5d0 \ub530\ub77c \ud560\uc778\uc774 \uac00\ub2a5\ud569\ub2c8\ub2e4)",
    "created_at": "2020-06-08T20:23:29.230",
    "updated_at": "2020-06-09T01:00:07.983"
  }
},
{
  "model": "travels.contentpage",
  "pk": 55,
  "fields": {
    "dest_content": 10,
    "image": "",
    "text": "\ubba4\uc9c0\uc5c4\uc740 \uc624\uc194\uae38\uc744 \ub530\ub77c \uc6f0\ucef4 \uc13c\ud130, \uc794\ub514\uc8fc\ucc28\uc7a5\uc744 \uc2dc\uc791\uc73c\ub85c \ud50c\ub77c\uc6cc \uac00\ub4e0, \uc6cc\ud130 \uac00\ub4e0, \ubcf8\uad00, \uc2a4\ud1a4 \uac00\ub4e0, \uadf8\ub9ac\uace0 \uc81c\uc784\uc2a4 \ud130\ub810\uad00\uc73c\ub85c \uc774\uc5b4\uc9d1\ub2c8\ub2e4.",
    "created_at": "2020-06-09T00:57:21.460",
    "updated_at": "2020-06-09T00:57:21.460"
  }
},
{
  "model": "travels.contentpage",
  "pk": 56,
  "fields": {
    "dest_content": 10,
    "image": "\ubba4\uc9c0\uc5c4\uc0b0_2.jpg",
    "text": "\ubcf8\uad00\uc740 \ub124 \uac1c\uc758 \ub0a0\uac1c\ud615 \uad6c\uc870\ubb3c\uc774 \uc0ac\uac01, \uc0bc\uac01, \uc6d0\ud615\uc758 \uacf5\uac04\ub4e4\ub85c \uc5f0\uacb0\ub418\uc5b4 \ub300\uc9c0\uc640 \ud558\ub298, \uc0ac\ub78c\uc744 \uc5f0\uacb0\ud558\uace0\uc790 \ud558\ub294 \uac74\ucd95\uac00\uc758 \ucca0\ud559\uc774 \ub3cb\ubcf4\uc774\ub294 \uacf5\uac04\uc774\ub77c\uace0 \ud560 \uc218 \uc788\uc5b4\uc694!",
    "created_at": "2020-06-09T00:57:35.842",
    "updated_at": "2020-06-09T11:57:56.652"
  }
},
{
  "model": "travels.contentpage",
  "pk": 57,
  "fields": {
    "dest_content": 10,
    "image": "\ubba4\uc9c0\uc5c4\uc0b0_1.jpg",
    "text": "\uc0ac\uacc4\uc808 \uc2dc\uc2dc\uac01\uac01 \ubcc0\ud654\ud558\ub294 \uc790\uc5f0\uc758 \ud488\uc5d0\uc11c \uac74\ucd95\uacfc \uc608\uc220\uc774 \ud558\ubaa8\ub2c8\ub97c \uc774\ub8e8\ub294 \ubb38\ud654\uacf5\uac04\uc774\uba70, \ub3c4\uc2dc\uc758 \ubc88\uc7a1\ud568\uc5d0\uc11c \ubc97\uc5b4\ub09c \uc544\ub984\ub2e4\uc6b4 \uc0b0\uacfc \uc790\uc5f0\uc73c\ub85c \ub458\ub7ec\uc2f8\uc778 \uc544\ub291\ud568\uc774 \ub290\uaef4\uc9c0\ub294 \uac1c\uc131 \uac15\ud55c \uac74\ucd95\ubb3c \uc790\uccb4\ub85c \uad00\uad11\uc9c0\uac00 \ub418\uae30\uc5d0 \ucda9\ubd84\ud569\ub2c8\ub2e4. \uba4b\uc9c4 \uac74\ucd95\ubb3c\uacfc \uc790\uc5f0\uc774 \uc5b4\uc6b0\ub7ec\uc9c4 \uc678\uad00\uc744 \uac10\uc0c1\ud55c \ub4a4 \uc804\uc2dc \uc911\uc778 \ubbf8\uc220\uc791\ud488\uacfc \ubc15\ubb3c\uad00\uc744 \uad00\ub78c\ud558\uba74 \uae08\uc0c1\ucca8\ud654\uaca0\uc8e0?",
    "created_at": "2020-06-09T00:59:17.808",
    "updated_at": "2020-06-09T11:58:23.069"
  }
},
{
  "model": "travels.contentpage",
  "pk": 58,
  "fields": {
    "dest_content": 11,
    "image": "",
    "text": "\u201c\uba54\ud0c0\uc138\ucffc\uc774\uc544\uae38\u201d\uc740 \u300c\uaca8\uc6b8\uc5f0\uac00\u300d\uc758 \ucd2c\uc601\uc7a5\uc18c\ub85c \uc798 \uc54c\ub824\uc838 \uc788\uc5b4\uc694!",
    "created_at": "2020-06-09T01:01:09.919",
    "updated_at": "2020-06-09T01:01:09.919"
  }
},
{
  "model": "travels.contentpage",
  "pk": 59,
  "fields": {
    "dest_content": 11,
    "image": "",
    "text": "\uc774\uc678\uc5d0\ub3c4 \uc0b0\ucc45\ub85c\uac00 \uc798 \ub418\uc5b4 \uc788\uc5b4 \ud638\uc218\uc758 \ud48d\uacbd\uacfc \ud568\uaed8 \uc5ec\uc720\ub97c \ub9cc\ub07d\ud558\uae30\uc5d0 \ucd5c\uc801\uc758 \uc7a5\uc18c\ub77c \ud560 \uc218 \uc788\uc5b4\uc694~",
    "created_at": "2020-06-09T01:01:54.117",
    "updated_at": "2020-06-09T01:01:54.117"
  }
},
{
  "model": "travels.contentpage",
  "pk": 60,
  "fields": {
    "dest_content": 12,
    "image": "",
    "text": "\uc720\ub7fd\ud48d\uc758 \uc815\uc6d0 \ub290\ub08c\uc774 \ub098\ub294 \uacf3\uc774\uc5d0\uc694~ \uacc4\uc808\uc5d0 \ub530\ub77c \uc0c9\ub2e4\ub978 \ud48d\uad11\uc744 \ubcf4\uc5ec\uc900\ub2f5\ub2c8\ub2e4!",
    "created_at": "2020-06-09T01:02:25.953",
    "updated_at": "2020-06-09T01:02:25.953"
  }
},
{
  "model": "travels.contentpage",
  "pk": 61,
  "fields": {
    "dest_content": 12,
    "image": "\uc81c\uc774\ub4dc\uac00\ub4e0_1.jpg",
    "text": "\ub2e4\uc591\ud55c \ucee8\uc149\uc758 \uc0b0\ucc45\uae38\uc774 \uc870\uc131\ub418\uc5b4 \uc788\uc5b4 \uc5f0\uc778\uacfc \ud568\uaed8 \uc0b0\ucc45\ud558\uba70 \ud790\ub9c1\ud558\ub294 \uc2dc\uac04\uc744 \uac00\uc9c8 \uc218 \uc788\uc5b4\uc694!",
    "created_at": "2020-06-09T01:03:08.722",
    "updated_at": "2020-06-09T12:01:15.335"
  }
},
{
  "model": "travels.contentpage",
  "pk": 62,
  "fields": {
    "dest_content": 13,
    "image": "",
    "text": "\uc18c\uc591\uac15 \uc2a4\uce74\uc774\uc6cc\ud06c \ub05d\uc5d0\ub294 \uc6d0\ud615\uad11\uc7a5\uc774 \uc870\uc131\ub418\uc5b4 \uc788\uace0, \uc6d0\ud615\uad11\uc7a5 \uc911\uc559\uc740 \ubc14\ub2e5\uc774 \ud22c\uba85\uc720\ub9ac\ub85c \ub418\uc5b4\uc788\uc5b4\uc694~",
    "created_at": "2020-06-09T01:04:12.094",
    "updated_at": "2020-06-09T01:04:12.094"
  }
},
{
  "model": "travels.contentpage",
  "pk": 63,
  "fields": {
    "dest_content": 13,
    "image": "",
    "text": "\uad11\uc7a5 \uc591\ucabd\uc73c\ub85c\ub294 \uc804\ub9dd\ub300\uac00 \uc788\uace0, \uad11\uc7a5 \ub05d \uc911\uc559\uc5d0 \uc3d8\uac00\ub9ac \uc0c1\uc744 \ubc14\ub85c \ub0b4\ub824\ub2e4 \ubcfc \uc218 \uc788\uc2b5\ub2c8\ub2e4!",
    "created_at": "2020-06-09T01:04:20.825",
    "updated_at": "2020-06-09T12:02:47.797"
  }
},
{
  "model": "travels.contentpage",
  "pk": 64,
  "fields": {
    "dest_content": 13,
    "image": "\uc18c\uc591\uac15_\uc2a4\uce74\uc774\uc6cc\ud06c_2.jpg",
    "text": "\uc77c\ubab0 \ud6c4\uc5d0\ub294 \uc624\uc0c9 \uc870\uba85\ub4f1\uc774 \ucf1c\uc838 \ub610 \ub2e4\ub978 \ud658\uc0c1\uc801\uc778 \ud48d\uacbd\uc744 \uac10\uc0c1\ud560 \uc218 \uc788\uc5b4\uc694!",
    "created_at": "2020-06-09T01:04:45.154",
    "updated_at": "2020-06-09T12:04:52.050"
  }
},
{
  "model": "travels.contentpage",
  "pk": 65,
  "fields": {
    "dest_content": 13,
    "image": "\uc18c\uc591\uac15_\uc2a4\uce74\uc774\uc6cc\ud06c_1.jpg",
    "text": "\uc18c\uc591\uac15 \uc2a4\uce74\uc774\uc6cc\ud06c \ubc14\ub85c \uc55e \ud14c\uc774\ube14\uc5d0 \uc549\uc544 \uc544\ub984\ub2e4\uc6b4 \uacbd\uce58\ub97c \uac10\uc0c1\ud558\uba70 \ucc28 \ud55c \uc794\uc758 \uc5ec\uc720\ub97c \uc990\uae30\uc2dc\ub294 \uac74 \uc5b4\ub5a8\uae4c\uc694?",
    "created_at": "2020-06-09T01:05:09.499",
    "updated_at": "2020-06-09T12:03:44.078"
  }
},
{
  "model": "travels.contentpage",
  "pk": 66,
  "fields": {
    "dest_content": 14,
    "image": "",
    "text": "\uad6c\ubd09\uc0b0 \uc804\ub9dd\ub300 \uce74\ud398 \uac70\ub9ac\uc5d0\ub294 \uc774\uc815\ud45c\uac00 \ub420 \ub9cc\ud55c \ud558\ub098\uc758 \uc804\ub9dd\ub300\uac00 \uc788\ub294 \uac8c \uc544\ub2c8\ub77c \uc8fc\ubcc0\uc5d0 \ub4e4\uc5b4\uc120 \uc5ec\ub7ec \uce74\ud398\ub098 \ub808\uc2a4\ud1a0\ub791\uc5d0 \ub4e4\ub7ec\uc11c \uc804\ub9dd\uc744 \uc990\uae38 \uc218 \uc788\uc2b5\ub2c8\ub2e4!",
    "created_at": "2020-06-09T01:05:23.623",
    "updated_at": "2020-06-09T01:05:23.623"
  }
},
{
  "model": "travels.contentpage",
  "pk": 67,
  "fields": {
    "dest_content": 14,
    "image": "",
    "text": "\uad6c\ubd09\uc0b0 \uc804\ub9dd\ub300 \uce74\ud398 \uac70\ub9ac\ub97c \ub300\ud45c\ud558\ub294 \ub808\uc2a4\ud1a0\ub791\ub4e4\uc740 \uaca8\uc6b8\ucca0\uc744 \uc81c\uc678\ud558\uace0\ub294 \uc8fc\ub9d0\uc774\uba74 \uc5b8\uc81c\ub098 \ucee4\ub2e4\ub780 \uc8fc\ucc28\uc7a5\uc774 \ube7c\uace1\ud558\uac8c \ucc2c\ub2e4. \ud2b9\ud788 \uc5ec\ub984\ubc24\uc774\uba74 \ucd5c\uc804\uc131\uae30\ub97c \ubcf4\uc5ec\uc900\ub2e4\uace0 \ud569\ub2c8\ub2e4~",
    "created_at": "2020-06-09T01:06:07.721",
    "updated_at": "2020-06-09T01:06:07.721"
  }
},
{
  "model": "travels.contentpage",
  "pk": 68,
  "fields": {
    "dest_content": 14,
    "image": "\uad6c\ubd09\uc0b0_\uce74\ud398\uac70\ub9ac_1.jpg",
    "text": "\uc804\ub9dd\ub300 \ud734\uac8c\uc18c\ub294 \ud3b8\uc548\ud55c \ubd84\uc704\uae30\ub2e4. \ud3b8\uc758\uc810 \ud615\ud0dc\uc758 \uac00\uac8c\uc5d0\uc11c \uc74c\ub8cc\ub098 \uacfc\uc790 \ub4f1\uc744 \uad6c\uc785\ud558\uc5ec \uc804\ub9dd\ub300 \ub370\ud06c\uc5d0 \ub9c8\ub828\ub41c \uc88c\uc11d\uc5d0 \uc549\uc544 \ud48d\uacbd\uc744 \uc990\uae30\uae30\uc5d0 \uc88b\uc73c\ub2c8 \ucee4\ud53c \ud55c \uc794\uc758 \uc5ec\uc720\uc640 \ud568\uaed8 \ucda9\uc804\uc774 \ud544\uc694\ud55c \ubd84\ub4e4\uc740 \uaf2d \uc640\ubcf4\uc2dc\uae30\ub97c \ucd94\ucc9c\ub4dc\ub824\uc694!",
    "created_at": "2020-06-09T01:06:49.120",
    "updated_at": "2020-06-09T12:06:21.780"
  }
}
]
